ISO-10303-21;
HEADER;
FILE_DESCRIPTION(('KiCad electronic assembly'),'2;1');
FILE_NAME('Kicad_esp_maitre_salle_blanche.step','2026-07-23T22:35:27',(
    'Pcbnew'),('Kicad'),'Open CASCADE STEP processor 7.6',
  'KiCad to STEP converter','Unknown');
FILE_SCHEMA(('AUTOMOTIVE_DESIGN { 1 0 10303 214 1 1 1 1 }'));
ENDSEC;
DATA;
#1 = APPLICATION_PROTOCOL_DEFINITION('international standard',
  'automotive_design',2000,#2);
#2 = APPLICATION_CONTEXT(
  'core data for automotive mechanical design processes');
#3 = SHAPE_DEFINITION_REPRESENTATION(#4,#10);
#4 = PRODUCT_DEFINITION_SHAPE('','',#5);
#5 = PRODUCT_DEFINITION('design','',#6,#9);
#6 = PRODUCT_DEFINITION_FORMATION('','',#7);
#7 = PRODUCT('Kicad_esp_maitre_salle_blanche 1',
  'Kicad_esp_maitre_salle_blanche 1','',(#8));
#8 = PRODUCT_CONTEXT('',#2,'mechanical');
#9 = PRODUCT_DEFINITION_CONTEXT('part definition',#2,'design');
#10 = SHAPE_REPRESENTATION('',(#11,#15),#19);
#11 = AXIS2_PLACEMENT_3D('',#12,#13,#14);
#12 = CARTESIAN_POINT('',(0.,0.,0.));
#13 = DIRECTION('',(0.,0.,1.));
#14 = DIRECTION('',(1.,0.,-0.));
#15 = AXIS2_PLACEMENT_3D('',#16,#17,#18);
#16 = CARTESIAN_POINT('',(0.,0.,0.));
#17 = DIRECTION('',(0.,0.,1.));
#18 = DIRECTION('',(1.,0.,-0.));
#19 = ( GEOMETRIC_REPRESENTATION_CONTEXT(3) 
GLOBAL_UNCERTAINTY_ASSIGNED_CONTEXT((#23)) GLOBAL_UNIT_ASSIGNED_CONTEXT(
(#20,#21,#22)) REPRESENTATION_CONTEXT('Context #1',
  '3D Context with UNIT and UNCERTAINTY') );
#20 = ( LENGTH_UNIT() NAMED_UNIT(*) SI_UNIT(.MILLI.,.METRE.) );
#21 = ( NAMED_UNIT(*) PLANE_ANGLE_UNIT() SI_UNIT($,.RADIAN.) );
#22 = ( NAMED_UNIT(*) SI_UNIT($,.STERADIAN.) SOLID_ANGLE_UNIT() );
#23 = UNCERTAINTY_MEASURE_WITH_UNIT(LENGTH_MEASURE(1.E-07),#20,
  'distance_accuracy_value','confusion accuracy');
#24 = PRODUCT_RELATED_PRODUCT_CATEGORY('part',$,(#7));
#25 = SHAPE_DEFINITION_REPRESENTATION(#26,#32);
#26 = PRODUCT_DEFINITION_SHAPE('','',#27);
#27 = PRODUCT_DEFINITION('design','',#28,#31);
#28 = PRODUCT_DEFINITION_FORMATION('','',#29);
#29 = PRODUCT('_autosave-Kicad_esp_maitre_salle_blanche PCB',
  '_autosave-Kicad_esp_maitre_salle_blanche PCB','',(#30));
#30 = PRODUCT_CONTEXT('',#2,'mechanical');
#31 = PRODUCT_DEFINITION_CONTEXT('part definition',#2,'design');
#32 = ADVANCED_BREP_SHAPE_REPRESENTATION('',(#11,#33),#4687);
#33 = MANIFOLD_SOLID_BREP('',#34);
#34 = CLOSED_SHELL('',(#35,#155,#231,#302,#1974,#3411,#3418,#3445,#3472,
    #3499,#3526,#3553,#3580,#3607,#3634,#3661,#3688,#3715,#3742,#3769,
    #3796,#3823,#3850,#3877,#3904,#3931,#3958,#3985,#4012,#4039,#4066,
    #4093,#4120,#4147,#4174,#4201,#4228,#4255,#4282,#4309,#4336,#4363,
    #4390,#4417,#4444,#4471,#4498,#4525,#4552,#4579,#4606,#4633,#4660));
#35 = ADVANCED_FACE('',(#36),#50,.T.);
#36 = FACE_BOUND('',#37,.T.);
#37 = EDGE_LOOP('',(#38,#73,#101,#129));
#38 = ORIENTED_EDGE('',*,*,#39,.T.);
#39 = EDGE_CURVE('',#40,#42,#44,.T.);
#40 = VERTEX_POINT('',#41);
#41 = CARTESIAN_POINT('',(27.2,-11.52,0.));
#42 = VERTEX_POINT('',#43);
#43 = CARTESIAN_POINT('',(27.2,-11.52,1.6));
#44 = SURFACE_CURVE('',#45,(#49,#61),.PCURVE_S1.);
#45 = LINE('',#46,#47);
#46 = CARTESIAN_POINT('',(27.2,-11.52,0.));
#47 = VECTOR('',#48,1.);
#48 = DIRECTION('',(0.,0.,1.));
#49 = PCURVE('',#50,#55);
#50 = PLANE('',#51);
#51 = AXIS2_PLACEMENT_3D('',#52,#53,#54);
#52 = CARTESIAN_POINT('',(27.2,-11.52,0.));
#53 = DIRECTION('',(0.,-1.,0.));
#54 = DIRECTION('',(-1.,0.,0.));
#55 = DEFINITIONAL_REPRESENTATION('',(#56),#60);
#56 = LINE('',#57,#58);
#57 = CARTESIAN_POINT('',(0.,-0.));
#58 = VECTOR('',#59,1.);
#59 = DIRECTION('',(0.,-1.));
#60 = ( GEOMETRIC_REPRESENTATION_CONTEXT(2) 
PARAMETRIC_REPRESENTATION_CONTEXT() REPRESENTATION_CONTEXT('2D SPACE',''
  ) );
#61 = PCURVE('',#62,#67);
#62 = PLANE('',#63);
#63 = AXIS2_PLACEMENT_3D('',#64,#65,#66);
#64 = CARTESIAN_POINT('',(27.2,35.15,0.));
#65 = DIRECTION('',(1.,0.,-0.));
#66 = DIRECTION('',(0.,-1.,0.));
#67 = DEFINITIONAL_REPRESENTATION('',(#68),#72);
#68 = LINE('',#69,#70);
#69 = CARTESIAN_POINT('',(46.67,0.));
#70 = VECTOR('',#71,1.);
#71 = DIRECTION('',(0.,-1.));
#72 = ( GEOMETRIC_REPRESENTATION_CONTEXT(2) 
PARAMETRIC_REPRESENTATION_CONTEXT() REPRESENTATION_CONTEXT('2D SPACE',''
  ) );
#73 = ORIENTED_EDGE('',*,*,#74,.T.);
#74 = EDGE_CURVE('',#42,#75,#77,.T.);
#75 = VERTEX_POINT('',#76);
#76 = CARTESIAN_POINT('',(-31.16,-11.52,1.6));
#77 = SURFACE_CURVE('',#78,(#82,#89),.PCURVE_S1.);
#78 = LINE('',#79,#80);
#79 = CARTESIAN_POINT('',(27.2,-11.52,1.6));
#80 = VECTOR('',#81,1.);
#81 = DIRECTION('',(-1.,0.,0.));
#82 = PCURVE('',#50,#83);
#83 = DEFINITIONAL_REPRESENTATION('',(#84),#88);
#84 = LINE('',#85,#86);
#85 = CARTESIAN_POINT('',(0.,-1.6));
#86 = VECTOR('',#87,1.);
#87 = DIRECTION('',(1.,0.));
#88 = ( GEOMETRIC_REPRESENTATION_CONTEXT(2) 
PARAMETRIC_REPRESENTATION_CONTEXT() REPRESENTATION_CONTEXT('2D SPACE',''
  ) );
#89 = PCURVE('',#90,#95);
#90 = PLANE('',#91);
#91 = AXIS2_PLACEMENT_3D('',#92,#93,#94);
#92 = CARTESIAN_POINT('',(-1.98,11.815,1.6));
#93 = DIRECTION('',(-0.,-0.,-1.));
#94 = DIRECTION('',(-1.,0.,0.));
#95 = DEFINITIONAL_REPRESENTATION('',(#96),#100);
#96 = LINE('',#97,#98);
#97 = CARTESIAN_POINT('',(-29.18,-23.335));
#98 = VECTOR('',#99,1.);
#99 = DIRECTION('',(1.,0.));
#100 = ( GEOMETRIC_REPRESENTATION_CONTEXT(2) 
PARAMETRIC_REPRESENTATION_CONTEXT() REPRESENTATION_CONTEXT('2D SPACE',''
  ) );
#101 = ORIENTED_EDGE('',*,*,#102,.F.);
#102 = EDGE_CURVE('',#103,#75,#105,.T.);
#103 = VERTEX_POINT('',#104);
#104 = CARTESIAN_POINT('',(-31.16,-11.52,0.));
#105 = SURFACE_CURVE('',#106,(#110,#117),.PCURVE_S1.);
#106 = LINE('',#107,#108);
#107 = CARTESIAN_POINT('',(-31.16,-11.52,0.));
#108 = VECTOR('',#109,1.);
#109 = DIRECTION('',(0.,0.,1.));
#110 = PCURVE('',#50,#111);
#111 = DEFINITIONAL_REPRESENTATION('',(#112),#116);
#112 = LINE('',#113,#114);
#113 = CARTESIAN_POINT('',(58.36,0.));
#114 = VECTOR('',#115,1.);
#115 = DIRECTION('',(0.,-1.));
#116 = ( GEOMETRIC_REPRESENTATION_CONTEXT(2) 
PARAMETRIC_REPRESENTATION_CONTEXT() REPRESENTATION_CONTEXT('2D SPACE',''
  ) );
#117 = PCURVE('',#118,#123);
#118 = PLANE('',#119);
#119 = AXIS2_PLACEMENT_3D('',#120,#121,#122);
#120 = CARTESIAN_POINT('',(-31.16,-11.52,0.));
#121 = DIRECTION('',(-1.,0.,0.));
#122 = DIRECTION('',(0.,1.,0.));
#123 = DEFINITIONAL_REPRESENTATION('',(#124),#128);
#124 = LINE('',#125,#126);
#125 = CARTESIAN_POINT('',(0.,0.));
#126 = VECTOR('',#127,1.);
#127 = DIRECTION('',(0.,-1.));
#128 = ( GEOMETRIC_REPRESENTATION_CONTEXT(2) 
PARAMETRIC_REPRESENTATION_CONTEXT() REPRESENTATION_CONTEXT('2D SPACE',''
  ) );
#129 = ORIENTED_EDGE('',*,*,#130,.F.);
#130 = EDGE_CURVE('',#40,#103,#131,.T.);
#131 = SURFACE_CURVE('',#132,(#136,#143),.PCURVE_S1.);
#132 = LINE('',#133,#134);
#133 = CARTESIAN_POINT('',(27.2,-11.52,0.));
#134 = VECTOR('',#135,1.);
#135 = DIRECTION('',(-1.,0.,0.));
#136 = PCURVE('',#50,#137);
#137 = DEFINITIONAL_REPRESENTATION('',(#138),#142);
#138 = LINE('',#139,#140);
#139 = CARTESIAN_POINT('',(0.,-0.));
#140 = VECTOR('',#141,1.);
#141 = DIRECTION('',(1.,0.));
#142 = ( GEOMETRIC_REPRESENTATION_CONTEXT(2) 
PARAMETRIC_REPRESENTATION_CONTEXT() REPRESENTATION_CONTEXT('2D SPACE',''
  ) );
#143 = PCURVE('',#144,#149);
#144 = PLANE('',#145);
#145 = AXIS2_PLACEMENT_3D('',#146,#147,#148);
#146 = CARTESIAN_POINT('',(-1.98,11.815,0.));
#147 = DIRECTION('',(-0.,-0.,-1.));
#148 = DIRECTION('',(-1.,0.,0.));
#149 = DEFINITIONAL_REPRESENTATION('',(#150),#154);
#150 = LINE('',#151,#152);
#151 = CARTESIAN_POINT('',(-29.18,-23.335));
#152 = VECTOR('',#153,1.);
#153 = DIRECTION('',(1.,0.));
#154 = ( GEOMETRIC_REPRESENTATION_CONTEXT(2) 
PARAMETRIC_REPRESENTATION_CONTEXT() REPRESENTATION_CONTEXT('2D SPACE',''
  ) );
#155 = ADVANCED_FACE('',(#156),#62,.T.);
#156 = FACE_BOUND('',#157,.T.);
#157 = EDGE_LOOP('',(#158,#188,#209,#210));
#158 = ORIENTED_EDGE('',*,*,#159,.T.);
#159 = EDGE_CURVE('',#160,#162,#164,.T.);
#160 = VERTEX_POINT('',#161);
#161 = CARTESIAN_POINT('',(27.2,35.15,0.));
#162 = VERTEX_POINT('',#163);
#163 = CARTESIAN_POINT('',(27.2,35.15,1.6));
#164 = SURFACE_CURVE('',#165,(#169,#176),.PCURVE_S1.);
#165 = LINE('',#166,#167);
#166 = CARTESIAN_POINT('',(27.2,35.15,0.));
#167 = VECTOR('',#168,1.);
#168 = DIRECTION('',(0.,0.,1.));
#169 = PCURVE('',#62,#170);
#170 = DEFINITIONAL_REPRESENTATION('',(#171),#175);
#171 = LINE('',#172,#173);
#172 = CARTESIAN_POINT('',(0.,0.));
#173 = VECTOR('',#174,1.);
#174 = DIRECTION('',(0.,-1.));
#175 = ( GEOMETRIC_REPRESENTATION_CONTEXT(2) 
PARAMETRIC_REPRESENTATION_CONTEXT() REPRESENTATION_CONTEXT('2D SPACE',''
  ) );
#176 = PCURVE('',#177,#182);
#177 = PLANE('',#178);
#178 = AXIS2_PLACEMENT_3D('',#179,#180,#181);
#179 = CARTESIAN_POINT('',(-31.16,35.15,0.));
#180 = DIRECTION('',(0.,1.,0.));
#181 = DIRECTION('',(1.,0.,0.));
#182 = DEFINITIONAL_REPRESENTATION('',(#183),#187);
#183 = LINE('',#184,#185);
#184 = CARTESIAN_POINT('',(58.36,0.));
#185 = VECTOR('',#186,1.);
#186 = DIRECTION('',(0.,-1.));
#187 = ( GEOMETRIC_REPRESENTATION_CONTEXT(2) 
PARAMETRIC_REPRESENTATION_CONTEXT() REPRESENTATION_CONTEXT('2D SPACE',''
  ) );
#188 = ORIENTED_EDGE('',*,*,#189,.T.);
#189 = EDGE_CURVE('',#162,#42,#190,.T.);
#190 = SURFACE_CURVE('',#191,(#195,#202),.PCURVE_S1.);
#191 = LINE('',#192,#193);
#192 = CARTESIAN_POINT('',(27.2,35.15,1.6));
#193 = VECTOR('',#194,1.);
#194 = DIRECTION('',(0.,-1.,0.));
#195 = PCURVE('',#62,#196);
#196 = DEFINITIONAL_REPRESENTATION('',(#197),#201);
#197 = LINE('',#198,#199);
#198 = CARTESIAN_POINT('',(0.,-1.6));
#199 = VECTOR('',#200,1.);
#200 = DIRECTION('',(1.,0.));
#201 = ( GEOMETRIC_REPRESENTATION_CONTEXT(2) 
PARAMETRIC_REPRESENTATION_CONTEXT() REPRESENTATION_CONTEXT('2D SPACE',''
  ) );
#202 = PCURVE('',#90,#203);
#203 = DEFINITIONAL_REPRESENTATION('',(#204),#208);
#204 = LINE('',#205,#206);
#205 = CARTESIAN_POINT('',(-29.18,23.335));
#206 = VECTOR('',#207,1.);
#207 = DIRECTION('',(0.,-1.));
#208 = ( GEOMETRIC_REPRESENTATION_CONTEXT(2) 
PARAMETRIC_REPRESENTATION_CONTEXT() REPRESENTATION_CONTEXT('2D SPACE',''
  ) );
#209 = ORIENTED_EDGE('',*,*,#39,.F.);
#210 = ORIENTED_EDGE('',*,*,#211,.F.);
#211 = EDGE_CURVE('',#160,#40,#212,.T.);
#212 = SURFACE_CURVE('',#213,(#217,#224),.PCURVE_S1.);
#213 = LINE('',#214,#215);
#214 = CARTESIAN_POINT('',(27.2,35.15,0.));
#215 = VECTOR('',#216,1.);
#216 = DIRECTION('',(0.,-1.,0.));
#217 = PCURVE('',#62,#218);
#218 = DEFINITIONAL_REPRESENTATION('',(#219),#223);
#219 = LINE('',#220,#221);
#220 = CARTESIAN_POINT('',(0.,0.));
#221 = VECTOR('',#222,1.);
#222 = DIRECTION('',(1.,0.));
#223 = ( GEOMETRIC_REPRESENTATION_CONTEXT(2) 
PARAMETRIC_REPRESENTATION_CONTEXT() REPRESENTATION_CONTEXT('2D SPACE',''
  ) );
#224 = PCURVE('',#144,#225);
#225 = DEFINITIONAL_REPRESENTATION('',(#226),#230);
#226 = LINE('',#227,#228);
#227 = CARTESIAN_POINT('',(-29.18,23.335));
#228 = VECTOR('',#229,1.);
#229 = DIRECTION('',(0.,-1.));
#230 = ( GEOMETRIC_REPRESENTATION_CONTEXT(2) 
PARAMETRIC_REPRESENTATION_CONTEXT() REPRESENTATION_CONTEXT('2D SPACE',''
  ) );
#231 = ADVANCED_FACE('',(#232),#118,.T.);
#232 = FACE_BOUND('',#233,.T.);
#233 = EDGE_LOOP('',(#234,#235,#258,#281));
#234 = ORIENTED_EDGE('',*,*,#102,.T.);
#235 = ORIENTED_EDGE('',*,*,#236,.T.);
#236 = EDGE_CURVE('',#75,#237,#239,.T.);
#237 = VERTEX_POINT('',#238);
#238 = CARTESIAN_POINT('',(-31.16,35.15,1.6));
#239 = SURFACE_CURVE('',#240,(#244,#251),.PCURVE_S1.);
#240 = LINE('',#241,#242);
#241 = CARTESIAN_POINT('',(-31.16,-11.52,1.6));
#242 = VECTOR('',#243,1.);
#243 = DIRECTION('',(0.,1.,0.));
#244 = PCURVE('',#118,#245);
#245 = DEFINITIONAL_REPRESENTATION('',(#246),#250);
#246 = LINE('',#247,#248);
#247 = CARTESIAN_POINT('',(0.,-1.6));
#248 = VECTOR('',#249,1.);
#249 = DIRECTION('',(1.,0.));
#250 = ( GEOMETRIC_REPRESENTATION_CONTEXT(2) 
PARAMETRIC_REPRESENTATION_CONTEXT() REPRESENTATION_CONTEXT('2D SPACE',''
  ) );
#251 = PCURVE('',#90,#252);
#252 = DEFINITIONAL_REPRESENTATION('',(#253),#257);
#253 = LINE('',#254,#255);
#254 = CARTESIAN_POINT('',(29.18,-23.335));
#255 = VECTOR('',#256,1.);
#256 = DIRECTION('',(0.,1.));
#257 = ( GEOMETRIC_REPRESENTATION_CONTEXT(2) 
PARAMETRIC_REPRESENTATION_CONTEXT() REPRESENTATION_CONTEXT('2D SPACE',''
  ) );
#258 = ORIENTED_EDGE('',*,*,#259,.F.);
#259 = EDGE_CURVE('',#260,#237,#262,.T.);
#260 = VERTEX_POINT('',#261);
#261 = CARTESIAN_POINT('',(-31.16,35.15,0.));
#262 = SURFACE_CURVE('',#263,(#267,#274),.PCURVE_S1.);
#263 = LINE('',#264,#265);
#264 = CARTESIAN_POINT('',(-31.16,35.15,0.));
#265 = VECTOR('',#266,1.);
#266 = DIRECTION('',(0.,0.,1.));
#267 = PCURVE('',#118,#268);
#268 = DEFINITIONAL_REPRESENTATION('',(#269),#273);
#269 = LINE('',#270,#271);
#270 = CARTESIAN_POINT('',(46.67,0.));
#271 = VECTOR('',#272,1.);
#272 = DIRECTION('',(0.,-1.));
#273 = ( GEOMETRIC_REPRESENTATION_CONTEXT(2) 
PARAMETRIC_REPRESENTATION_CONTEXT() REPRESENTATION_CONTEXT('2D SPACE',''
  ) );
#274 = PCURVE('',#177,#275);
#275 = DEFINITIONAL_REPRESENTATION('',(#276),#280);
#276 = LINE('',#277,#278);
#277 = CARTESIAN_POINT('',(0.,0.));
#278 = VECTOR('',#279,1.);
#279 = DIRECTION('',(0.,-1.));
#280 = ( GEOMETRIC_REPRESENTATION_CONTEXT(2) 
PARAMETRIC_REPRESENTATION_CONTEXT() REPRESENTATION_CONTEXT('2D SPACE',''
  ) );
#281 = ORIENTED_EDGE('',*,*,#282,.F.);
#282 = EDGE_CURVE('',#103,#260,#283,.T.);
#283 = SURFACE_CURVE('',#284,(#288,#295),.PCURVE_S1.);
#284 = LINE('',#285,#286);
#285 = CARTESIAN_POINT('',(-31.16,-11.52,0.));
#286 = VECTOR('',#287,1.);
#287 = DIRECTION('',(0.,1.,0.));
#288 = PCURVE('',#118,#289);
#289 = DEFINITIONAL_REPRESENTATION('',(#290),#294);
#290 = LINE('',#291,#292);
#291 = CARTESIAN_POINT('',(0.,0.));
#292 = VECTOR('',#293,1.);
#293 = DIRECTION('',(1.,0.));
#294 = ( GEOMETRIC_REPRESENTATION_CONTEXT(2) 
PARAMETRIC_REPRESENTATION_CONTEXT() REPRESENTATION_CONTEXT('2D SPACE',''
  ) );
#295 = PCURVE('',#144,#296);
#296 = DEFINITIONAL_REPRESENTATION('',(#297),#301);
#297 = LINE('',#298,#299);
#298 = CARTESIAN_POINT('',(29.18,-23.335));
#299 = VECTOR('',#300,1.);
#300 = DIRECTION('',(0.,1.));
#301 = ( GEOMETRIC_REPRESENTATION_CONTEXT(2) 
PARAMETRIC_REPRESENTATION_CONTEXT() REPRESENTATION_CONTEXT('2D SPACE',''
  ) );
#302 = ADVANCED_FACE('',(#303,#329,#364,#399,#434,#469,#504,#539,#574,
    #609,#644,#679,#714,#749,#784,#819,#854,#889,#924,#959,#994,#1029,
    #1064,#1099,#1134,#1169,#1204,#1239,#1274,#1309,#1344,#1379,#1414,
    #1449,#1484,#1519,#1554,#1589,#1624,#1659,#1694,#1729,#1764,#1799,
    #1834,#1869,#1904,#1939),#144,.T.);
#303 = FACE_BOUND('',#304,.T.);
#304 = EDGE_LOOP('',(#305,#306,#307,#328));
#305 = ORIENTED_EDGE('',*,*,#130,.T.);
#306 = ORIENTED_EDGE('',*,*,#282,.T.);
#307 = ORIENTED_EDGE('',*,*,#308,.T.);
#308 = EDGE_CURVE('',#260,#160,#309,.T.);
#309 = SURFACE_CURVE('',#310,(#314,#321),.PCURVE_S1.);
#310 = LINE('',#311,#312);
#311 = CARTESIAN_POINT('',(-31.16,35.15,0.));
#312 = VECTOR('',#313,1.);
#313 = DIRECTION('',(1.,0.,0.));
#314 = PCURVE('',#144,#315);
#315 = DEFINITIONAL_REPRESENTATION('',(#316),#320);
#316 = LINE('',#317,#318);
#317 = CARTESIAN_POINT('',(29.18,23.335));
#318 = VECTOR('',#319,1.);
#319 = DIRECTION('',(-1.,0.));
#320 = ( GEOMETRIC_REPRESENTATION_CONTEXT(2) 
PARAMETRIC_REPRESENTATION_CONTEXT() REPRESENTATION_CONTEXT('2D SPACE',''
  ) );
#321 = PCURVE('',#177,#322);
#322 = DEFINITIONAL_REPRESENTATION('',(#323),#327);
#323 = LINE('',#324,#325);
#324 = CARTESIAN_POINT('',(0.,0.));
#325 = VECTOR('',#326,1.);
#326 = DIRECTION('',(1.,0.));
#327 = ( GEOMETRIC_REPRESENTATION_CONTEXT(2) 
PARAMETRIC_REPRESENTATION_CONTEXT() REPRESENTATION_CONTEXT('2D SPACE',''
  ) );
#328 = ORIENTED_EDGE('',*,*,#211,.T.);
#329 = FACE_BOUND('',#330,.T.);
#330 = EDGE_LOOP('',(#331));
#331 = ORIENTED_EDGE('',*,*,#332,.T.);
#332 = EDGE_CURVE('',#333,#333,#335,.T.);
#333 = VERTEX_POINT('',#334);
#334 = CARTESIAN_POINT('',(23.12,-6.41,0.));
#335 = SURFACE_CURVE('',#336,(#341,#352),.PCURVE_S1.);
#336 = CIRCLE('',#337,0.5);
#337 = AXIS2_PLACEMENT_3D('',#338,#339,#340);
#338 = CARTESIAN_POINT('',(22.62,-6.41,0.));
#339 = DIRECTION('',(0.,0.,1.));
#340 = DIRECTION('',(1.,0.,-0.));
#341 = PCURVE('',#144,#342);
#342 = DEFINITIONAL_REPRESENTATION('',(#343),#351);
#343 = ( BOUNDED_CURVE() B_SPLINE_CURVE(2,(#344,#345,#346,#347,#348,#349
,#350),.UNSPECIFIED.,.T.,.F.) B_SPLINE_CURVE_WITH_KNOTS((1,2,2,2,2,1),(
    -2.094395102393,0.,2.094395102393,4.188790204786,6.28318530718,
8.377580409573),.UNSPECIFIED.) CURVE() GEOMETRIC_REPRESENTATION_ITEM() 
RATIONAL_B_SPLINE_CURVE((1.,0.5,1.,0.5,1.,0.5,1.)) REPRESENTATION_ITEM(
  '') );
#344 = CARTESIAN_POINT('',(-25.1,-18.225));
#345 = CARTESIAN_POINT('',(-25.1,-17.35897459621));
#346 = CARTESIAN_POINT('',(-24.35,-17.7919872981));
#347 = CARTESIAN_POINT('',(-23.6,-18.225));
#348 = CARTESIAN_POINT('',(-24.35,-18.65801270189));
#349 = CARTESIAN_POINT('',(-25.1,-19.09102540378));
#350 = CARTESIAN_POINT('',(-25.1,-18.225));
#351 = ( GEOMETRIC_REPRESENTATION_CONTEXT(2) 
PARAMETRIC_REPRESENTATION_CONTEXT() REPRESENTATION_CONTEXT('2D SPACE',''
  ) );
#352 = PCURVE('',#353,#358);
#353 = CYLINDRICAL_SURFACE('',#354,0.5);
#354 = AXIS2_PLACEMENT_3D('',#355,#356,#357);
#355 = CARTESIAN_POINT('',(22.62,-6.41,-1.E-02));
#356 = DIRECTION('',(0.,0.,1.));
#357 = DIRECTION('',(1.,0.,-0.));
#358 = DEFINITIONAL_REPRESENTATION('',(#359),#363);
#359 = LINE('',#360,#361);
#360 = CARTESIAN_POINT('',(0.,1.E-02));
#361 = VECTOR('',#362,1.);
#362 = DIRECTION('',(1.,0.));
#363 = ( GEOMETRIC_REPRESENTATION_CONTEXT(2) 
PARAMETRIC_REPRESENTATION_CONTEXT() REPRESENTATION_CONTEXT('2D SPACE',''
  ) );
#364 = FACE_BOUND('',#365,.T.);
#365 = EDGE_LOOP('',(#366));
#366 = ORIENTED_EDGE('',*,*,#367,.T.);
#367 = EDGE_CURVE('',#368,#368,#370,.T.);
#368 = VERTEX_POINT('',#369);
#369 = CARTESIAN_POINT('',(23.12,-3.87,0.));
#370 = SURFACE_CURVE('',#371,(#376,#387),.PCURVE_S1.);
#371 = CIRCLE('',#372,0.5);
#372 = AXIS2_PLACEMENT_3D('',#373,#374,#375);
#373 = CARTESIAN_POINT('',(22.62,-3.87,0.));
#374 = DIRECTION('',(0.,0.,1.));
#375 = DIRECTION('',(1.,0.,-0.));
#376 = PCURVE('',#144,#377);
#377 = DEFINITIONAL_REPRESENTATION('',(#378),#386);
#378 = ( BOUNDED_CURVE() B_SPLINE_CURVE(2,(#379,#380,#381,#382,#383,#384
,#385),.UNSPECIFIED.,.T.,.F.) B_SPLINE_CURVE_WITH_KNOTS((1,2,2,2,2,1),(
    -2.094395102393,0.,2.094395102393,4.188790204786,6.28318530718,
8.377580409573),.UNSPECIFIED.) CURVE() GEOMETRIC_REPRESENTATION_ITEM() 
RATIONAL_B_SPLINE_CURVE((1.,0.5,1.,0.5,1.,0.5,1.)) REPRESENTATION_ITEM(
  '') );
#379 = CARTESIAN_POINT('',(-25.1,-15.685));
#380 = CARTESIAN_POINT('',(-25.1,-14.81897459621));
#381 = CARTESIAN_POINT('',(-24.35,-15.2519872981));
#382 = CARTESIAN_POINT('',(-23.6,-15.685));
#383 = CARTESIAN_POINT('',(-24.35,-16.11801270189));
#384 = CARTESIAN_POINT('',(-25.1,-16.55102540378));
#385 = CARTESIAN_POINT('',(-25.1,-15.685));
#386 = ( GEOMETRIC_REPRESENTATION_CONTEXT(2) 
PARAMETRIC_REPRESENTATION_CONTEXT() REPRESENTATION_CONTEXT('2D SPACE',''
  ) );
#387 = PCURVE('',#388,#393);
#388 = CYLINDRICAL_SURFACE('',#389,0.5);
#389 = AXIS2_PLACEMENT_3D('',#390,#391,#392);
#390 = CARTESIAN_POINT('',(22.62,-3.87,-1.E-02));
#391 = DIRECTION('',(0.,0.,1.));
#392 = DIRECTION('',(1.,0.,-0.));
#393 = DEFINITIONAL_REPRESENTATION('',(#394),#398);
#394 = LINE('',#395,#396);
#395 = CARTESIAN_POINT('',(0.,1.E-02));
#396 = VECTOR('',#397,1.);
#397 = DIRECTION('',(1.,0.));
#398 = ( GEOMETRIC_REPRESENTATION_CONTEXT(2) 
PARAMETRIC_REPRESENTATION_CONTEXT() REPRESENTATION_CONTEXT('2D SPACE',''
  ) );
#399 = FACE_BOUND('',#400,.T.);
#400 = EDGE_LOOP('',(#401));
#401 = ORIENTED_EDGE('',*,*,#402,.T.);
#402 = EDGE_CURVE('',#403,#403,#405,.T.);
#403 = VERTEX_POINT('',#404);
#404 = CARTESIAN_POINT('',(23.12,-1.33,0.));
#405 = SURFACE_CURVE('',#406,(#411,#422),.PCURVE_S1.);
#406 = CIRCLE('',#407,0.5);
#407 = AXIS2_PLACEMENT_3D('',#408,#409,#410);
#408 = CARTESIAN_POINT('',(22.62,-1.33,0.));
#409 = DIRECTION('',(0.,0.,1.));
#410 = DIRECTION('',(1.,0.,-0.));
#411 = PCURVE('',#144,#412);
#412 = DEFINITIONAL_REPRESENTATION('',(#413),#421);
#413 = ( BOUNDED_CURVE() B_SPLINE_CURVE(2,(#414,#415,#416,#417,#418,#419
,#420),.UNSPECIFIED.,.T.,.F.) B_SPLINE_CURVE_WITH_KNOTS((1,2,2,2,2,1),(
    -2.094395102393,0.,2.094395102393,4.188790204786,6.28318530718,
8.377580409573),.UNSPECIFIED.) CURVE() GEOMETRIC_REPRESENTATION_ITEM() 
RATIONAL_B_SPLINE_CURVE((1.,0.5,1.,0.5,1.,0.5,1.)) REPRESENTATION_ITEM(
  '') );
#414 = CARTESIAN_POINT('',(-25.1,-13.145));
#415 = CARTESIAN_POINT('',(-25.1,-12.27897459621));
#416 = CARTESIAN_POINT('',(-24.35,-12.7119872981));
#417 = CARTESIAN_POINT('',(-23.6,-13.145));
#418 = CARTESIAN_POINT('',(-24.35,-13.57801270189));
#419 = CARTESIAN_POINT('',(-25.1,-14.01102540378));
#420 = CARTESIAN_POINT('',(-25.1,-13.145));
#421 = ( GEOMETRIC_REPRESENTATION_CONTEXT(2) 
PARAMETRIC_REPRESENTATION_CONTEXT() REPRESENTATION_CONTEXT('2D SPACE',''
  ) );
#422 = PCURVE('',#423,#428);
#423 = CYLINDRICAL_SURFACE('',#424,0.5);
#424 = AXIS2_PLACEMENT_3D('',#425,#426,#427);
#425 = CARTESIAN_POINT('',(22.62,-1.33,-1.E-02));
#426 = DIRECTION('',(0.,0.,1.));
#427 = DIRECTION('',(1.,0.,-0.));
#428 = DEFINITIONAL_REPRESENTATION('',(#429),#433);
#429 = LINE('',#430,#431);
#430 = CARTESIAN_POINT('',(0.,1.E-02));
#431 = VECTOR('',#432,1.);
#432 = DIRECTION('',(1.,0.));
#433 = ( GEOMETRIC_REPRESENTATION_CONTEXT(2) 
PARAMETRIC_REPRESENTATION_CONTEXT() REPRESENTATION_CONTEXT('2D SPACE',''
  ) );
#434 = FACE_BOUND('',#435,.T.);
#435 = EDGE_LOOP('',(#436));
#436 = ORIENTED_EDGE('',*,*,#437,.T.);
#437 = EDGE_CURVE('',#438,#438,#440,.T.);
#438 = VERTEX_POINT('',#439);
#439 = CARTESIAN_POINT('',(23.12,1.21,0.));
#440 = SURFACE_CURVE('',#441,(#446,#457),.PCURVE_S1.);
#441 = CIRCLE('',#442,0.5);
#442 = AXIS2_PLACEMENT_3D('',#443,#444,#445);
#443 = CARTESIAN_POINT('',(22.62,1.21,0.));
#444 = DIRECTION('',(0.,0.,1.));
#445 = DIRECTION('',(1.,0.,-0.));
#446 = PCURVE('',#144,#447);
#447 = DEFINITIONAL_REPRESENTATION('',(#448),#456);
#448 = ( BOUNDED_CURVE() B_SPLINE_CURVE(2,(#449,#450,#451,#452,#453,#454
,#455),.UNSPECIFIED.,.T.,.F.) B_SPLINE_CURVE_WITH_KNOTS((1,2,2,2,2,1),(
    -2.094395102393,0.,2.094395102393,4.188790204786,6.28318530718,
8.377580409573),.UNSPECIFIED.) CURVE() GEOMETRIC_REPRESENTATION_ITEM() 
RATIONAL_B_SPLINE_CURVE((1.,0.5,1.,0.5,1.,0.5,1.)) REPRESENTATION_ITEM(
  '') );
#449 = CARTESIAN_POINT('',(-25.1,-10.605));
#450 = CARTESIAN_POINT('',(-25.1,-9.738974596216));
#451 = CARTESIAN_POINT('',(-24.35,-10.1719872981));
#452 = CARTESIAN_POINT('',(-23.6,-10.605));
#453 = CARTESIAN_POINT('',(-24.35,-11.03801270189));
#454 = CARTESIAN_POINT('',(-25.1,-11.47102540378));
#455 = CARTESIAN_POINT('',(-25.1,-10.605));
#456 = ( GEOMETRIC_REPRESENTATION_CONTEXT(2) 
PARAMETRIC_REPRESENTATION_CONTEXT() REPRESENTATION_CONTEXT('2D SPACE',''
  ) );
#457 = PCURVE('',#458,#463);
#458 = CYLINDRICAL_SURFACE('',#459,0.5);
#459 = AXIS2_PLACEMENT_3D('',#460,#461,#462);
#460 = CARTESIAN_POINT('',(22.62,1.21,-1.E-02));
#461 = DIRECTION('',(0.,0.,1.));
#462 = DIRECTION('',(1.,0.,-0.));
#463 = DEFINITIONAL_REPRESENTATION('',(#464),#468);
#464 = LINE('',#465,#466);
#465 = CARTESIAN_POINT('',(0.,1.E-02));
#466 = VECTOR('',#467,1.);
#467 = DIRECTION('',(1.,0.));
#468 = ( GEOMETRIC_REPRESENTATION_CONTEXT(2) 
PARAMETRIC_REPRESENTATION_CONTEXT() REPRESENTATION_CONTEXT('2D SPACE',''
  ) );
#469 = FACE_BOUND('',#470,.T.);
#470 = EDGE_LOOP('',(#471));
#471 = ORIENTED_EDGE('',*,*,#472,.T.);
#472 = EDGE_CURVE('',#473,#473,#475,.T.);
#473 = VERTEX_POINT('',#474);
#474 = CARTESIAN_POINT('',(17.555,-1.13,0.));
#475 = SURFACE_CURVE('',#476,(#481,#492),.PCURVE_S1.);
#476 = CIRCLE('',#477,0.5);
#477 = AXIS2_PLACEMENT_3D('',#478,#479,#480);
#478 = CARTESIAN_POINT('',(17.055,-1.13,0.));
#479 = DIRECTION('',(0.,0.,1.));
#480 = DIRECTION('',(1.,0.,-0.));
#481 = PCURVE('',#144,#482);
#482 = DEFINITIONAL_REPRESENTATION('',(#483),#491);
#483 = ( BOUNDED_CURVE() B_SPLINE_CURVE(2,(#484,#485,#486,#487,#488,#489
,#490),.UNSPECIFIED.,.T.,.F.) B_SPLINE_CURVE_WITH_KNOTS((1,2,2,2,2,1),(
    -2.094395102393,0.,2.094395102393,4.188790204786,6.28318530718,
8.377580409573),.UNSPECIFIED.) CURVE() GEOMETRIC_REPRESENTATION_ITEM() 
RATIONAL_B_SPLINE_CURVE((1.,0.5,1.,0.5,1.,0.5,1.)) REPRESENTATION_ITEM(
  '') );
#484 = CARTESIAN_POINT('',(-19.535,-12.945));
#485 = CARTESIAN_POINT('',(-19.535,-12.07897459621));
#486 = CARTESIAN_POINT('',(-18.785,-12.5119872981));
#487 = CARTESIAN_POINT('',(-18.035,-12.945));
#488 = CARTESIAN_POINT('',(-18.785,-13.37801270189));
#489 = CARTESIAN_POINT('',(-19.535,-13.81102540378));
#490 = CARTESIAN_POINT('',(-19.535,-12.945));
#491 = ( GEOMETRIC_REPRESENTATION_CONTEXT(2) 
PARAMETRIC_REPRESENTATION_CONTEXT() REPRESENTATION_CONTEXT('2D SPACE',''
  ) );
#492 = PCURVE('',#493,#498);
#493 = CYLINDRICAL_SURFACE('',#494,0.5);
#494 = AXIS2_PLACEMENT_3D('',#495,#496,#497);
#495 = CARTESIAN_POINT('',(17.055,-1.13,-1.E-02));
#496 = DIRECTION('',(0.,0.,1.));
#497 = DIRECTION('',(1.,0.,-0.));
#498 = DEFINITIONAL_REPRESENTATION('',(#499),#503);
#499 = LINE('',#500,#501);
#500 = CARTESIAN_POINT('',(0.,1.E-02));
#501 = VECTOR('',#502,1.);
#502 = DIRECTION('',(1.,0.));
#503 = ( GEOMETRIC_REPRESENTATION_CONTEXT(2) 
PARAMETRIC_REPRESENTATION_CONTEXT() REPRESENTATION_CONTEXT('2D SPACE',''
  ) );
#504 = FACE_BOUND('',#505,.T.);
#505 = EDGE_LOOP('',(#506));
#506 = ORIENTED_EDGE('',*,*,#507,.T.);
#507 = EDGE_CURVE('',#508,#508,#510,.T.);
#508 = VERTEX_POINT('',#509);
#509 = CARTESIAN_POINT('',(15.015,-1.13,0.));
#510 = SURFACE_CURVE('',#511,(#516,#527),.PCURVE_S1.);
#511 = CIRCLE('',#512,0.5);
#512 = AXIS2_PLACEMENT_3D('',#513,#514,#515);
#513 = CARTESIAN_POINT('',(14.515,-1.13,0.));
#514 = DIRECTION('',(0.,0.,1.));
#515 = DIRECTION('',(1.,0.,-0.));
#516 = PCURVE('',#144,#517);
#517 = DEFINITIONAL_REPRESENTATION('',(#518),#526);
#518 = ( BOUNDED_CURVE() B_SPLINE_CURVE(2,(#519,#520,#521,#522,#523,#524
,#525),.UNSPECIFIED.,.T.,.F.) B_SPLINE_CURVE_WITH_KNOTS((1,2,2,2,2,1),(
    -2.094395102393,0.,2.094395102393,4.188790204786,6.28318530718,
8.377580409573),.UNSPECIFIED.) CURVE() GEOMETRIC_REPRESENTATION_ITEM() 
RATIONAL_B_SPLINE_CURVE((1.,0.5,1.,0.5,1.,0.5,1.)) REPRESENTATION_ITEM(
  '') );
#519 = CARTESIAN_POINT('',(-16.995,-12.945));
#520 = CARTESIAN_POINT('',(-16.995,-12.07897459621));
#521 = CARTESIAN_POINT('',(-16.245,-12.5119872981));
#522 = CARTESIAN_POINT('',(-15.495,-12.945));
#523 = CARTESIAN_POINT('',(-16.245,-13.37801270189));
#524 = CARTESIAN_POINT('',(-16.995,-13.81102540378));
#525 = CARTESIAN_POINT('',(-16.995,-12.945));
#526 = ( GEOMETRIC_REPRESENTATION_CONTEXT(2) 
PARAMETRIC_REPRESENTATION_CONTEXT() REPRESENTATION_CONTEXT('2D SPACE',''
  ) );
#527 = PCURVE('',#528,#533);
#528 = CYLINDRICAL_SURFACE('',#529,0.5);
#529 = AXIS2_PLACEMENT_3D('',#530,#531,#532);
#530 = CARTESIAN_POINT('',(14.515,-1.13,-1.E-02));
#531 = DIRECTION('',(0.,0.,1.));
#532 = DIRECTION('',(1.,0.,-0.));
#533 = DEFINITIONAL_REPRESENTATION('',(#534),#538);
#534 = LINE('',#535,#536);
#535 = CARTESIAN_POINT('',(0.,1.E-02));
#536 = VECTOR('',#537,1.);
#537 = DIRECTION('',(1.,0.));
#538 = ( GEOMETRIC_REPRESENTATION_CONTEXT(2) 
PARAMETRIC_REPRESENTATION_CONTEXT() REPRESENTATION_CONTEXT('2D SPACE',''
  ) );
#539 = FACE_BOUND('',#540,.T.);
#540 = EDGE_LOOP('',(#541));
#541 = ORIENTED_EDGE('',*,*,#542,.T.);
#542 = EDGE_CURVE('',#543,#543,#545,.T.);
#543 = VERTEX_POINT('',#544);
#544 = CARTESIAN_POINT('',(12.475,-1.13,0.));
#545 = SURFACE_CURVE('',#546,(#551,#562),.PCURVE_S1.);
#546 = CIRCLE('',#547,0.5);
#547 = AXIS2_PLACEMENT_3D('',#548,#549,#550);
#548 = CARTESIAN_POINT('',(11.975,-1.13,0.));
#549 = DIRECTION('',(0.,0.,1.));
#550 = DIRECTION('',(1.,0.,-0.));
#551 = PCURVE('',#144,#552);
#552 = DEFINITIONAL_REPRESENTATION('',(#553),#561);
#553 = ( BOUNDED_CURVE() B_SPLINE_CURVE(2,(#554,#555,#556,#557,#558,#559
,#560),.UNSPECIFIED.,.T.,.F.) B_SPLINE_CURVE_WITH_KNOTS((1,2,2,2,2,1),(
    -2.094395102393,0.,2.094395102393,4.188790204786,6.28318530718,
8.377580409573),.UNSPECIFIED.) CURVE() GEOMETRIC_REPRESENTATION_ITEM() 
RATIONAL_B_SPLINE_CURVE((1.,0.5,1.,0.5,1.,0.5,1.)) REPRESENTATION_ITEM(
  '') );
#554 = CARTESIAN_POINT('',(-14.455,-12.945));
#555 = CARTESIAN_POINT('',(-14.455,-12.07897459621));
#556 = CARTESIAN_POINT('',(-13.705,-12.5119872981));
#557 = CARTESIAN_POINT('',(-12.955,-12.945));
#558 = CARTESIAN_POINT('',(-13.705,-13.37801270189));
#559 = CARTESIAN_POINT('',(-14.455,-13.81102540378));
#560 = CARTESIAN_POINT('',(-14.455,-12.945));
#561 = ( GEOMETRIC_REPRESENTATION_CONTEXT(2) 
PARAMETRIC_REPRESENTATION_CONTEXT() REPRESENTATION_CONTEXT('2D SPACE',''
  ) );
#562 = PCURVE('',#563,#568);
#563 = CYLINDRICAL_SURFACE('',#564,0.5);
#564 = AXIS2_PLACEMENT_3D('',#565,#566,#567);
#565 = CARTESIAN_POINT('',(11.975,-1.13,-1.E-02));
#566 = DIRECTION('',(0.,0.,1.));
#567 = DIRECTION('',(1.,0.,-0.));
#568 = DEFINITIONAL_REPRESENTATION('',(#569),#573);
#569 = LINE('',#570,#571);
#570 = CARTESIAN_POINT('',(0.,1.E-02));
#571 = VECTOR('',#572,1.);
#572 = DIRECTION('',(1.,0.));
#573 = ( GEOMETRIC_REPRESENTATION_CONTEXT(2) 
PARAMETRIC_REPRESENTATION_CONTEXT() REPRESENTATION_CONTEXT('2D SPACE',''
  ) );
#574 = FACE_BOUND('',#575,.T.);
#575 = EDGE_LOOP('',(#576));
#576 = ORIENTED_EDGE('',*,*,#577,.T.);
#577 = EDGE_CURVE('',#578,#578,#580,.T.);
#578 = VERTEX_POINT('',#579);
#579 = CARTESIAN_POINT('',(9.935,-1.13,0.));
#580 = SURFACE_CURVE('',#581,(#586,#597),.PCURVE_S1.);
#581 = CIRCLE('',#582,0.5);
#582 = AXIS2_PLACEMENT_3D('',#583,#584,#585);
#583 = CARTESIAN_POINT('',(9.435,-1.13,0.));
#584 = DIRECTION('',(0.,0.,1.));
#585 = DIRECTION('',(1.,0.,-0.));
#586 = PCURVE('',#144,#587);
#587 = DEFINITIONAL_REPRESENTATION('',(#588),#596);
#588 = ( BOUNDED_CURVE() B_SPLINE_CURVE(2,(#589,#590,#591,#592,#593,#594
,#595),.UNSPECIFIED.,.T.,.F.) B_SPLINE_CURVE_WITH_KNOTS((1,2,2,2,2,1),(
    -2.094395102393,0.,2.094395102393,4.188790204786,6.28318530718,
8.377580409573),.UNSPECIFIED.) CURVE() GEOMETRIC_REPRESENTATION_ITEM() 
RATIONAL_B_SPLINE_CURVE((1.,0.5,1.,0.5,1.,0.5,1.)) REPRESENTATION_ITEM(
  '') );
#589 = CARTESIAN_POINT('',(-11.915,-12.945));
#590 = CARTESIAN_POINT('',(-11.915,-12.07897459621));
#591 = CARTESIAN_POINT('',(-11.165,-12.5119872981));
#592 = CARTESIAN_POINT('',(-10.415,-12.945));
#593 = CARTESIAN_POINT('',(-11.165,-13.37801270189));
#594 = CARTESIAN_POINT('',(-11.915,-13.81102540378));
#595 = CARTESIAN_POINT('',(-11.915,-12.945));
#596 = ( GEOMETRIC_REPRESENTATION_CONTEXT(2) 
PARAMETRIC_REPRESENTATION_CONTEXT() REPRESENTATION_CONTEXT('2D SPACE',''
  ) );
#597 = PCURVE('',#598,#603);
#598 = CYLINDRICAL_SURFACE('',#599,0.5);
#599 = AXIS2_PLACEMENT_3D('',#600,#601,#602);
#600 = CARTESIAN_POINT('',(9.435,-1.13,-1.E-02));
#601 = DIRECTION('',(0.,0.,1.));
#602 = DIRECTION('',(1.,0.,-0.));
#603 = DEFINITIONAL_REPRESENTATION('',(#604),#608);
#604 = LINE('',#605,#606);
#605 = CARTESIAN_POINT('',(0.,1.E-02));
#606 = VECTOR('',#607,1.);
#607 = DIRECTION('',(1.,0.));
#608 = ( GEOMETRIC_REPRESENTATION_CONTEXT(2) 
PARAMETRIC_REPRESENTATION_CONTEXT() REPRESENTATION_CONTEXT('2D SPACE',''
  ) );
#609 = FACE_BOUND('',#610,.T.);
#610 = EDGE_LOOP('',(#611));
#611 = ORIENTED_EDGE('',*,*,#612,.T.);
#612 = EDGE_CURVE('',#613,#613,#615,.T.);
#613 = VERTEX_POINT('',#614);
#614 = CARTESIAN_POINT('',(7.395,-1.13,0.));
#615 = SURFACE_CURVE('',#616,(#621,#632),.PCURVE_S1.);
#616 = CIRCLE('',#617,0.5);
#617 = AXIS2_PLACEMENT_3D('',#618,#619,#620);
#618 = CARTESIAN_POINT('',(6.895,-1.13,0.));
#619 = DIRECTION('',(0.,0.,1.));
#620 = DIRECTION('',(1.,0.,-0.));
#621 = PCURVE('',#144,#622);
#622 = DEFINITIONAL_REPRESENTATION('',(#623),#631);
#623 = ( BOUNDED_CURVE() B_SPLINE_CURVE(2,(#624,#625,#626,#627,#628,#629
,#630),.UNSPECIFIED.,.T.,.F.) B_SPLINE_CURVE_WITH_KNOTS((1,2,2,2,2,1),(
    -2.094395102393,0.,2.094395102393,4.188790204786,6.28318530718,
8.377580409573),.UNSPECIFIED.) CURVE() GEOMETRIC_REPRESENTATION_ITEM() 
RATIONAL_B_SPLINE_CURVE((1.,0.5,1.,0.5,1.,0.5,1.)) REPRESENTATION_ITEM(
  '') );
#624 = CARTESIAN_POINT('',(-9.375,-12.945));
#625 = CARTESIAN_POINT('',(-9.375,-12.07897459621));
#626 = CARTESIAN_POINT('',(-8.625,-12.5119872981));
#627 = CARTESIAN_POINT('',(-7.875,-12.945));
#628 = CARTESIAN_POINT('',(-8.625,-13.37801270189));
#629 = CARTESIAN_POINT('',(-9.375,-13.81102540378));
#630 = CARTESIAN_POINT('',(-9.375,-12.945));
#631 = ( GEOMETRIC_REPRESENTATION_CONTEXT(2) 
PARAMETRIC_REPRESENTATION_CONTEXT() REPRESENTATION_CONTEXT('2D SPACE',''
  ) );
#632 = PCURVE('',#633,#638);
#633 = CYLINDRICAL_SURFACE('',#634,0.5);
#634 = AXIS2_PLACEMENT_3D('',#635,#636,#637);
#635 = CARTESIAN_POINT('',(6.895,-1.13,-1.E-02));
#636 = DIRECTION('',(0.,0.,1.));
#637 = DIRECTION('',(1.,0.,-0.));
#638 = DEFINITIONAL_REPRESENTATION('',(#639),#643);
#639 = LINE('',#640,#641);
#640 = CARTESIAN_POINT('',(0.,1.E-02));
#641 = VECTOR('',#642,1.);
#642 = DIRECTION('',(1.,0.));
#643 = ( GEOMETRIC_REPRESENTATION_CONTEXT(2) 
PARAMETRIC_REPRESENTATION_CONTEXT() REPRESENTATION_CONTEXT('2D SPACE',''
  ) );
#644 = FACE_BOUND('',#645,.T.);
#645 = EDGE_LOOP('',(#646));
#646 = ORIENTED_EDGE('',*,*,#647,.T.);
#647 = EDGE_CURVE('',#648,#648,#650,.T.);
#648 = VERTEX_POINT('',#649);
#649 = CARTESIAN_POINT('',(23.423103,5.846897,0.));
#650 = SURFACE_CURVE('',#651,(#656,#667),.PCURVE_S1.);
#651 = CIRCLE('',#652,1.613103);
#652 = AXIS2_PLACEMENT_3D('',#653,#654,#655);
#653 = CARTESIAN_POINT('',(21.81,5.846897,0.));
#654 = DIRECTION('',(0.,0.,1.));
#655 = DIRECTION('',(1.,0.,-0.));
#656 = PCURVE('',#144,#657);
#657 = DEFINITIONAL_REPRESENTATION('',(#658),#666);
#658 = ( BOUNDED_CURVE() B_SPLINE_CURVE(2,(#659,#660,#661,#662,#663,#664
,#665),.UNSPECIFIED.,.T.,.F.) B_SPLINE_CURVE_WITH_KNOTS((1,2,2,2,2,1),(
    -2.094395102393,0.,2.094395102393,4.188790204786,6.28318530718,
8.377580409573),.UNSPECIFIED.) CURVE() GEOMETRIC_REPRESENTATION_ITEM() 
RATIONAL_B_SPLINE_CURVE((1.,0.5,1.,0.5,1.,0.5,1.)) REPRESENTATION_ITEM(
  '') );
#659 = CARTESIAN_POINT('',(-25.403103,-5.968103));
#660 = CARTESIAN_POINT('',(-25.403103,-3.174126646158));
#661 = CARTESIAN_POINT('',(-22.9834485,-4.571114823079));
#662 = CARTESIAN_POINT('',(-20.563794,-5.968103));
#663 = CARTESIAN_POINT('',(-22.9834485,-7.365091176921));
#664 = CARTESIAN_POINT('',(-25.403103,-8.762079353842));
#665 = CARTESIAN_POINT('',(-25.403103,-5.968103));
#666 = ( GEOMETRIC_REPRESENTATION_CONTEXT(2) 
PARAMETRIC_REPRESENTATION_CONTEXT() REPRESENTATION_CONTEXT('2D SPACE',''
  ) );
#667 = PCURVE('',#668,#673);
#668 = CYLINDRICAL_SURFACE('',#669,1.613103);
#669 = AXIS2_PLACEMENT_3D('',#670,#671,#672);
#670 = CARTESIAN_POINT('',(21.81,5.846897,0.));
#671 = DIRECTION('',(0.,0.,1.));
#672 = DIRECTION('',(1.,0.,-0.));
#673 = DEFINITIONAL_REPRESENTATION('',(#674),#678);
#674 = LINE('',#675,#676);
#675 = CARTESIAN_POINT('',(0.,0.));
#676 = VECTOR('',#677,1.);
#677 = DIRECTION('',(1.,0.));
#678 = ( GEOMETRIC_REPRESENTATION_CONTEXT(2) 
PARAMETRIC_REPRESENTATION_CONTEXT() REPRESENTATION_CONTEXT('2D SPACE',''
  ) );
#679 = FACE_BOUND('',#680,.T.);
#680 = EDGE_LOOP('',(#681));
#681 = ORIENTED_EDGE('',*,*,#682,.T.);
#682 = EDGE_CURVE('',#683,#683,#685,.T.);
#683 = VERTEX_POINT('',#684);
#684 = CARTESIAN_POINT('',(14.291,4.86,0.));
#685 = SURFACE_CURVE('',#686,(#691,#702),.PCURVE_S1.);
#686 = CIRCLE('',#687,0.381);
#687 = AXIS2_PLACEMENT_3D('',#688,#689,#690);
#688 = CARTESIAN_POINT('',(13.91,4.86,0.));
#689 = DIRECTION('',(0.,0.,1.));
#690 = DIRECTION('',(1.,0.,-0.));
#691 = PCURVE('',#144,#692);
#692 = DEFINITIONAL_REPRESENTATION('',(#693),#701);
#693 = ( BOUNDED_CURVE() B_SPLINE_CURVE(2,(#694,#695,#696,#697,#698,#699
,#700),.UNSPECIFIED.,.T.,.F.) B_SPLINE_CURVE_WITH_KNOTS((1,2,2,2,2,1),(
    -2.094395102393,0.,2.094395102393,4.188790204786,6.28318530718,
8.377580409573),.UNSPECIFIED.) CURVE() GEOMETRIC_REPRESENTATION_ITEM() 
RATIONAL_B_SPLINE_CURVE((1.,0.5,1.,0.5,1.,0.5,1.)) REPRESENTATION_ITEM(
  '') );
#694 = CARTESIAN_POINT('',(-16.271,-6.955));
#695 = CARTESIAN_POINT('',(-16.271,-6.295088642316));
#696 = CARTESIAN_POINT('',(-15.6995,-6.625044321158));
#697 = CARTESIAN_POINT('',(-15.128,-6.955));
#698 = CARTESIAN_POINT('',(-15.6995,-7.284955678842));
#699 = CARTESIAN_POINT('',(-16.271,-7.614911357684));
#700 = CARTESIAN_POINT('',(-16.271,-6.955));
#701 = ( GEOMETRIC_REPRESENTATION_CONTEXT(2) 
PARAMETRIC_REPRESENTATION_CONTEXT() REPRESENTATION_CONTEXT('2D SPACE',''
  ) );
#702 = PCURVE('',#703,#708);
#703 = CYLINDRICAL_SURFACE('',#704,0.381);
#704 = AXIS2_PLACEMENT_3D('',#705,#706,#707);
#705 = CARTESIAN_POINT('',(13.91,4.86,-1.E-02));
#706 = DIRECTION('',(0.,0.,1.));
#707 = DIRECTION('',(1.,0.,-0.));
#708 = DEFINITIONAL_REPRESENTATION('',(#709),#713);
#709 = LINE('',#710,#711);
#710 = CARTESIAN_POINT('',(0.,1.E-02));
#711 = VECTOR('',#712,1.);
#712 = DIRECTION('',(1.,0.));
#713 = ( GEOMETRIC_REPRESENTATION_CONTEXT(2) 
PARAMETRIC_REPRESENTATION_CONTEXT() REPRESENTATION_CONTEXT('2D SPACE',''
  ) );
#714 = FACE_BOUND('',#715,.T.);
#715 = EDGE_LOOP('',(#716));
#716 = ORIENTED_EDGE('',*,*,#717,.T.);
#717 = EDGE_CURVE('',#718,#718,#720,.T.);
#718 = VERTEX_POINT('',#719);
#719 = CARTESIAN_POINT('',(11.751,4.86,0.));
#720 = SURFACE_CURVE('',#721,(#726,#737),.PCURVE_S1.);
#721 = CIRCLE('',#722,0.381);
#722 = AXIS2_PLACEMENT_3D('',#723,#724,#725);
#723 = CARTESIAN_POINT('',(11.37,4.86,0.));
#724 = DIRECTION('',(0.,0.,1.));
#725 = DIRECTION('',(1.,0.,-0.));
#726 = PCURVE('',#144,#727);
#727 = DEFINITIONAL_REPRESENTATION('',(#728),#736);
#728 = ( BOUNDED_CURVE() B_SPLINE_CURVE(2,(#729,#730,#731,#732,#733,#734
,#735),.UNSPECIFIED.,.T.,.F.) B_SPLINE_CURVE_WITH_KNOTS((1,2,2,2,2,1),(
    -2.094395102393,0.,2.094395102393,4.188790204786,6.28318530718,
8.377580409573),.UNSPECIFIED.) CURVE() GEOMETRIC_REPRESENTATION_ITEM() 
RATIONAL_B_SPLINE_CURVE((1.,0.5,1.,0.5,1.,0.5,1.)) REPRESENTATION_ITEM(
  '') );
#729 = CARTESIAN_POINT('',(-13.731,-6.955));
#730 = CARTESIAN_POINT('',(-13.731,-6.295088642316));
#731 = CARTESIAN_POINT('',(-13.1595,-6.625044321158));
#732 = CARTESIAN_POINT('',(-12.588,-6.955));
#733 = CARTESIAN_POINT('',(-13.1595,-7.284955678842));
#734 = CARTESIAN_POINT('',(-13.731,-7.614911357684));
#735 = CARTESIAN_POINT('',(-13.731,-6.955));
#736 = ( GEOMETRIC_REPRESENTATION_CONTEXT(2) 
PARAMETRIC_REPRESENTATION_CONTEXT() REPRESENTATION_CONTEXT('2D SPACE',''
  ) );
#737 = PCURVE('',#738,#743);
#738 = CYLINDRICAL_SURFACE('',#739,0.381);
#739 = AXIS2_PLACEMENT_3D('',#740,#741,#742);
#740 = CARTESIAN_POINT('',(11.37,4.86,-1.E-02));
#741 = DIRECTION('',(0.,0.,1.));
#742 = DIRECTION('',(1.,0.,-0.));
#743 = DEFINITIONAL_REPRESENTATION('',(#744),#748);
#744 = LINE('',#745,#746);
#745 = CARTESIAN_POINT('',(0.,1.E-02));
#746 = VECTOR('',#747,1.);
#747 = DIRECTION('',(1.,0.));
#748 = ( GEOMETRIC_REPRESENTATION_CONTEXT(2) 
PARAMETRIC_REPRESENTATION_CONTEXT() REPRESENTATION_CONTEXT('2D SPACE',''
  ) );
#749 = FACE_BOUND('',#750,.T.);
#750 = EDGE_LOOP('',(#751));
#751 = ORIENTED_EDGE('',*,*,#752,.T.);
#752 = EDGE_CURVE('',#753,#753,#755,.T.);
#753 = VERTEX_POINT('',#754);
#754 = CARTESIAN_POINT('',(9.211,4.86,0.));
#755 = SURFACE_CURVE('',#756,(#761,#772),.PCURVE_S1.);
#756 = CIRCLE('',#757,0.381);
#757 = AXIS2_PLACEMENT_3D('',#758,#759,#760);
#758 = CARTESIAN_POINT('',(8.83,4.86,0.));
#759 = DIRECTION('',(0.,0.,1.));
#760 = DIRECTION('',(1.,0.,-0.));
#761 = PCURVE('',#144,#762);
#762 = DEFINITIONAL_REPRESENTATION('',(#763),#771);
#763 = ( BOUNDED_CURVE() B_SPLINE_CURVE(2,(#764,#765,#766,#767,#768,#769
,#770),.UNSPECIFIED.,.T.,.F.) B_SPLINE_CURVE_WITH_KNOTS((1,2,2,2,2,1),(
    -2.094395102393,0.,2.094395102393,4.188790204786,6.28318530718,
8.377580409573),.UNSPECIFIED.) CURVE() GEOMETRIC_REPRESENTATION_ITEM() 
RATIONAL_B_SPLINE_CURVE((1.,0.5,1.,0.5,1.,0.5,1.)) REPRESENTATION_ITEM(
  '') );
#764 = CARTESIAN_POINT('',(-11.191,-6.955));
#765 = CARTESIAN_POINT('',(-11.191,-6.295088642316));
#766 = CARTESIAN_POINT('',(-10.6195,-6.625044321158));
#767 = CARTESIAN_POINT('',(-10.048,-6.955));
#768 = CARTESIAN_POINT('',(-10.6195,-7.284955678842));
#769 = CARTESIAN_POINT('',(-11.191,-7.614911357684));
#770 = CARTESIAN_POINT('',(-11.191,-6.955));
#771 = ( GEOMETRIC_REPRESENTATION_CONTEXT(2) 
PARAMETRIC_REPRESENTATION_CONTEXT() REPRESENTATION_CONTEXT('2D SPACE',''
  ) );
#772 = PCURVE('',#773,#778);
#773 = CYLINDRICAL_SURFACE('',#774,0.381);
#774 = AXIS2_PLACEMENT_3D('',#775,#776,#777);
#775 = CARTESIAN_POINT('',(8.83,4.86,-1.E-02));
#776 = DIRECTION('',(0.,0.,1.));
#777 = DIRECTION('',(1.,0.,-0.));
#778 = DEFINITIONAL_REPRESENTATION('',(#779),#783);
#779 = LINE('',#780,#781);
#780 = CARTESIAN_POINT('',(0.,1.E-02));
#781 = VECTOR('',#782,1.);
#782 = DIRECTION('',(1.,0.));
#783 = ( GEOMETRIC_REPRESENTATION_CONTEXT(2) 
PARAMETRIC_REPRESENTATION_CONTEXT() REPRESENTATION_CONTEXT('2D SPACE',''
  ) );
#784 = FACE_BOUND('',#785,.T.);
#785 = EDGE_LOOP('',(#786));
#786 = ORIENTED_EDGE('',*,*,#787,.T.);
#787 = EDGE_CURVE('',#788,#788,#790,.T.);
#788 = VERTEX_POINT('',#789);
#789 = CARTESIAN_POINT('',(6.671,4.86,0.));
#790 = SURFACE_CURVE('',#791,(#796,#807),.PCURVE_S1.);
#791 = CIRCLE('',#792,0.381);
#792 = AXIS2_PLACEMENT_3D('',#793,#794,#795);
#793 = CARTESIAN_POINT('',(6.29,4.86,0.));
#794 = DIRECTION('',(0.,0.,1.));
#795 = DIRECTION('',(1.,0.,-0.));
#796 = PCURVE('',#144,#797);
#797 = DEFINITIONAL_REPRESENTATION('',(#798),#806);
#798 = ( BOUNDED_CURVE() B_SPLINE_CURVE(2,(#799,#800,#801,#802,#803,#804
,#805),.UNSPECIFIED.,.T.,.F.) B_SPLINE_CURVE_WITH_KNOTS((1,2,2,2,2,1),(
    -2.094395102393,0.,2.094395102393,4.188790204786,6.28318530718,
8.377580409573),.UNSPECIFIED.) CURVE() GEOMETRIC_REPRESENTATION_ITEM() 
RATIONAL_B_SPLINE_CURVE((1.,0.5,1.,0.5,1.,0.5,1.)) REPRESENTATION_ITEM(
  '') );
#799 = CARTESIAN_POINT('',(-8.651,-6.955));
#800 = CARTESIAN_POINT('',(-8.651,-6.295088642316));
#801 = CARTESIAN_POINT('',(-8.0795,-6.625044321158));
#802 = CARTESIAN_POINT('',(-7.508,-6.955));
#803 = CARTESIAN_POINT('',(-8.0795,-7.284955678842));
#804 = CARTESIAN_POINT('',(-8.651,-7.614911357684));
#805 = CARTESIAN_POINT('',(-8.651,-6.955));
#806 = ( GEOMETRIC_REPRESENTATION_CONTEXT(2) 
PARAMETRIC_REPRESENTATION_CONTEXT() REPRESENTATION_CONTEXT('2D SPACE',''
  ) );
#807 = PCURVE('',#808,#813);
#808 = CYLINDRICAL_SURFACE('',#809,0.381);
#809 = AXIS2_PLACEMENT_3D('',#810,#811,#812);
#810 = CARTESIAN_POINT('',(6.29,4.86,-1.E-02));
#811 = DIRECTION('',(0.,0.,1.));
#812 = DIRECTION('',(1.,0.,-0.));
#813 = DEFINITIONAL_REPRESENTATION('',(#814),#818);
#814 = LINE('',#815,#816);
#815 = CARTESIAN_POINT('',(0.,1.E-02));
#816 = VECTOR('',#817,1.);
#817 = DIRECTION('',(1.,0.));
#818 = ( GEOMETRIC_REPRESENTATION_CONTEXT(2) 
PARAMETRIC_REPRESENTATION_CONTEXT() REPRESENTATION_CONTEXT('2D SPACE',''
  ) );
#819 = FACE_BOUND('',#820,.T.);
#820 = EDGE_LOOP('',(#821));
#821 = ORIENTED_EDGE('',*,*,#822,.T.);
#822 = EDGE_CURVE('',#823,#823,#825,.T.);
#823 = VERTEX_POINT('',#824);
#824 = CARTESIAN_POINT('',(4.131,4.86,0.));
#825 = SURFACE_CURVE('',#826,(#831,#842),.PCURVE_S1.);
#826 = CIRCLE('',#827,0.381);
#827 = AXIS2_PLACEMENT_3D('',#828,#829,#830);
#828 = CARTESIAN_POINT('',(3.75,4.86,0.));
#829 = DIRECTION('',(0.,0.,1.));
#830 = DIRECTION('',(1.,0.,-0.));
#831 = PCURVE('',#144,#832);
#832 = DEFINITIONAL_REPRESENTATION('',(#833),#841);
#833 = ( BOUNDED_CURVE() B_SPLINE_CURVE(2,(#834,#835,#836,#837,#838,#839
,#840),.UNSPECIFIED.,.T.,.F.) B_SPLINE_CURVE_WITH_KNOTS((1,2,2,2,2,1),(
    -2.094395102393,0.,2.094395102393,4.188790204786,6.28318530718,
8.377580409573),.UNSPECIFIED.) CURVE() GEOMETRIC_REPRESENTATION_ITEM() 
RATIONAL_B_SPLINE_CURVE((1.,0.5,1.,0.5,1.,0.5,1.)) REPRESENTATION_ITEM(
  '') );
#834 = CARTESIAN_POINT('',(-6.111,-6.955));
#835 = CARTESIAN_POINT('',(-6.111,-6.295088642316));
#836 = CARTESIAN_POINT('',(-5.5395,-6.625044321158));
#837 = CARTESIAN_POINT('',(-4.968,-6.955));
#838 = CARTESIAN_POINT('',(-5.5395,-7.284955678842));
#839 = CARTESIAN_POINT('',(-6.111,-7.614911357684));
#840 = CARTESIAN_POINT('',(-6.111,-6.955));
#841 = ( GEOMETRIC_REPRESENTATION_CONTEXT(2) 
PARAMETRIC_REPRESENTATION_CONTEXT() REPRESENTATION_CONTEXT('2D SPACE',''
  ) );
#842 = PCURVE('',#843,#848);
#843 = CYLINDRICAL_SURFACE('',#844,0.381);
#844 = AXIS2_PLACEMENT_3D('',#845,#846,#847);
#845 = CARTESIAN_POINT('',(3.75,4.86,-1.E-02));
#846 = DIRECTION('',(0.,0.,1.));
#847 = DIRECTION('',(1.,0.,-0.));
#848 = DEFINITIONAL_REPRESENTATION('',(#849),#853);
#849 = LINE('',#850,#851);
#850 = CARTESIAN_POINT('',(0.,1.E-02));
#851 = VECTOR('',#852,1.);
#852 = DIRECTION('',(1.,0.));
#853 = ( GEOMETRIC_REPRESENTATION_CONTEXT(2) 
PARAMETRIC_REPRESENTATION_CONTEXT() REPRESENTATION_CONTEXT('2D SPACE',''
  ) );
#854 = FACE_BOUND('',#855,.T.);
#855 = EDGE_LOOP('',(#856));
#856 = ORIENTED_EDGE('',*,*,#857,.T.);
#857 = EDGE_CURVE('',#858,#858,#860,.T.);
#858 = VERTEX_POINT('',#859);
#859 = CARTESIAN_POINT('',(1.591,4.86,0.));
#860 = SURFACE_CURVE('',#861,(#866,#877),.PCURVE_S1.);
#861 = CIRCLE('',#862,0.381);
#862 = AXIS2_PLACEMENT_3D('',#863,#864,#865);
#863 = CARTESIAN_POINT('',(1.21,4.86,0.));
#864 = DIRECTION('',(0.,0.,1.));
#865 = DIRECTION('',(1.,0.,-0.));
#866 = PCURVE('',#144,#867);
#867 = DEFINITIONAL_REPRESENTATION('',(#868),#876);
#868 = ( BOUNDED_CURVE() B_SPLINE_CURVE(2,(#869,#870,#871,#872,#873,#874
,#875),.UNSPECIFIED.,.T.,.F.) B_SPLINE_CURVE_WITH_KNOTS((1,2,2,2,2,1),(
    -2.094395102393,0.,2.094395102393,4.188790204786,6.28318530718,
8.377580409573),.UNSPECIFIED.) CURVE() GEOMETRIC_REPRESENTATION_ITEM() 
RATIONAL_B_SPLINE_CURVE((1.,0.5,1.,0.5,1.,0.5,1.)) REPRESENTATION_ITEM(
  '') );
#869 = CARTESIAN_POINT('',(-3.571,-6.955));
#870 = CARTESIAN_POINT('',(-3.571,-6.295088642316));
#871 = CARTESIAN_POINT('',(-2.9995,-6.625044321158));
#872 = CARTESIAN_POINT('',(-2.428,-6.955));
#873 = CARTESIAN_POINT('',(-2.9995,-7.284955678842));
#874 = CARTESIAN_POINT('',(-3.571,-7.614911357684));
#875 = CARTESIAN_POINT('',(-3.571,-6.955));
#876 = ( GEOMETRIC_REPRESENTATION_CONTEXT(2) 
PARAMETRIC_REPRESENTATION_CONTEXT() REPRESENTATION_CONTEXT('2D SPACE',''
  ) );
#877 = PCURVE('',#878,#883);
#878 = CYLINDRICAL_SURFACE('',#879,0.381);
#879 = AXIS2_PLACEMENT_3D('',#880,#881,#882);
#880 = CARTESIAN_POINT('',(1.21,4.86,-1.E-02));
#881 = DIRECTION('',(0.,0.,1.));
#882 = DIRECTION('',(1.,0.,-0.));
#883 = DEFINITIONAL_REPRESENTATION('',(#884),#888);
#884 = LINE('',#885,#886);
#885 = CARTESIAN_POINT('',(0.,1.E-02));
#886 = VECTOR('',#887,1.);
#887 = DIRECTION('',(1.,0.));
#888 = ( GEOMETRIC_REPRESENTATION_CONTEXT(2) 
PARAMETRIC_REPRESENTATION_CONTEXT() REPRESENTATION_CONTEXT('2D SPACE',''
  ) );
#889 = FACE_BOUND('',#890,.T.);
#890 = EDGE_LOOP('',(#891));
#891 = ORIENTED_EDGE('',*,*,#892,.T.);
#892 = EDGE_CURVE('',#893,#893,#895,.T.);
#893 = VERTEX_POINT('',#894);
#894 = CARTESIAN_POINT('',(-0.949,4.86,0.));
#895 = SURFACE_CURVE('',#896,(#901,#912),.PCURVE_S1.);
#896 = CIRCLE('',#897,0.381);
#897 = AXIS2_PLACEMENT_3D('',#898,#899,#900);
#898 = CARTESIAN_POINT('',(-1.33,4.86,0.));
#899 = DIRECTION('',(0.,0.,1.));
#900 = DIRECTION('',(1.,0.,-0.));
#901 = PCURVE('',#144,#902);
#902 = DEFINITIONAL_REPRESENTATION('',(#903),#911);
#903 = ( BOUNDED_CURVE() B_SPLINE_CURVE(2,(#904,#905,#906,#907,#908,#909
,#910),.UNSPECIFIED.,.T.,.F.) B_SPLINE_CURVE_WITH_KNOTS((1,2,2,2,2,1),(
    -2.094395102393,0.,2.094395102393,4.188790204786,6.28318530718,
8.377580409573),.UNSPECIFIED.) CURVE() GEOMETRIC_REPRESENTATION_ITEM() 
RATIONAL_B_SPLINE_CURVE((1.,0.5,1.,0.5,1.,0.5,1.)) REPRESENTATION_ITEM(
  '') );
#904 = CARTESIAN_POINT('',(-1.031,-6.955));
#905 = CARTESIAN_POINT('',(-1.031,-6.295088642316));
#906 = CARTESIAN_POINT('',(-0.4595,-6.625044321158));
#907 = CARTESIAN_POINT('',(0.112,-6.955));
#908 = CARTESIAN_POINT('',(-0.4595,-7.284955678842));
#909 = CARTESIAN_POINT('',(-1.031,-7.614911357684));
#910 = CARTESIAN_POINT('',(-1.031,-6.955));
#911 = ( GEOMETRIC_REPRESENTATION_CONTEXT(2) 
PARAMETRIC_REPRESENTATION_CONTEXT() REPRESENTATION_CONTEXT('2D SPACE',''
  ) );
#912 = PCURVE('',#913,#918);
#913 = CYLINDRICAL_SURFACE('',#914,0.381);
#914 = AXIS2_PLACEMENT_3D('',#915,#916,#917);
#915 = CARTESIAN_POINT('',(-1.33,4.86,-1.E-02));
#916 = DIRECTION('',(0.,0.,1.));
#917 = DIRECTION('',(1.,0.,-0.));
#918 = DEFINITIONAL_REPRESENTATION('',(#919),#923);
#919 = LINE('',#920,#921);
#920 = CARTESIAN_POINT('',(0.,1.E-02));
#921 = VECTOR('',#922,1.);
#922 = DIRECTION('',(1.,0.));
#923 = ( GEOMETRIC_REPRESENTATION_CONTEXT(2) 
PARAMETRIC_REPRESENTATION_CONTEXT() REPRESENTATION_CONTEXT('2D SPACE',''
  ) );
#924 = FACE_BOUND('',#925,.T.);
#925 = EDGE_LOOP('',(#926));
#926 = ORIENTED_EDGE('',*,*,#927,.T.);
#927 = EDGE_CURVE('',#928,#928,#930,.T.);
#928 = VERTEX_POINT('',#929);
#929 = CARTESIAN_POINT('',(-21.365,-6.58,0.));
#930 = SURFACE_CURVE('',#931,(#936,#947),.PCURVE_S1.);
#931 = CIRCLE('',#932,0.4);
#932 = AXIS2_PLACEMENT_3D('',#933,#934,#935);
#933 = CARTESIAN_POINT('',(-21.765,-6.58,0.));
#934 = DIRECTION('',(0.,0.,1.));
#935 = DIRECTION('',(1.,0.,-0.));
#936 = PCURVE('',#144,#937);
#937 = DEFINITIONAL_REPRESENTATION('',(#938),#946);
#938 = ( BOUNDED_CURVE() B_SPLINE_CURVE(2,(#939,#940,#941,#942,#943,#944
,#945),.UNSPECIFIED.,.T.,.F.) B_SPLINE_CURVE_WITH_KNOTS((1,2,2,2,2,1),(
    -2.094395102393,0.,2.094395102393,4.188790204786,6.28318530718,
8.377580409573),.UNSPECIFIED.) CURVE() GEOMETRIC_REPRESENTATION_ITEM() 
RATIONAL_B_SPLINE_CURVE((1.,0.5,1.,0.5,1.,0.5,1.)) REPRESENTATION_ITEM(
  '') );
#939 = CARTESIAN_POINT('',(19.385,-18.395));
#940 = CARTESIAN_POINT('',(19.385,-17.70217967697));
#941 = CARTESIAN_POINT('',(19.985,-18.04858983848));
#942 = CARTESIAN_POINT('',(20.585,-18.395));
#943 = CARTESIAN_POINT('',(19.985,-18.74141016151));
#944 = CARTESIAN_POINT('',(19.385,-19.08782032302));
#945 = CARTESIAN_POINT('',(19.385,-18.395));
#946 = ( GEOMETRIC_REPRESENTATION_CONTEXT(2) 
PARAMETRIC_REPRESENTATION_CONTEXT() REPRESENTATION_CONTEXT('2D SPACE',''
  ) );
#947 = PCURVE('',#948,#953);
#948 = CYLINDRICAL_SURFACE('',#949,0.4);
#949 = AXIS2_PLACEMENT_3D('',#950,#951,#952);
#950 = CARTESIAN_POINT('',(-21.765,-6.58,-1.E-02));
#951 = DIRECTION('',(0.,0.,1.));
#952 = DIRECTION('',(1.,0.,-0.));
#953 = DEFINITIONAL_REPRESENTATION('',(#954),#958);
#954 = LINE('',#955,#956);
#955 = CARTESIAN_POINT('',(0.,1.E-02));
#956 = VECTOR('',#957,1.);
#957 = DIRECTION('',(1.,0.));
#958 = ( GEOMETRIC_REPRESENTATION_CONTEXT(2) 
PARAMETRIC_REPRESENTATION_CONTEXT() REPRESENTATION_CONTEXT('2D SPACE',''
  ) );
#959 = FACE_BOUND('',#960,.T.);
#960 = EDGE_LOOP('',(#961));
#961 = ORIENTED_EDGE('',*,*,#962,.T.);
#962 = EDGE_CURVE('',#963,#963,#965,.T.);
#963 = VERTEX_POINT('',#964);
#964 = CARTESIAN_POINT('',(-26.445,-6.58,0.));
#965 = SURFACE_CURVE('',#966,(#971,#982),.PCURVE_S1.);
#966 = CIRCLE('',#967,0.4);
#967 = AXIS2_PLACEMENT_3D('',#968,#969,#970);
#968 = CARTESIAN_POINT('',(-26.845,-6.58,0.));
#969 = DIRECTION('',(0.,0.,1.));
#970 = DIRECTION('',(1.,0.,-0.));
#971 = PCURVE('',#144,#972);
#972 = DEFINITIONAL_REPRESENTATION('',(#973),#981);
#973 = ( BOUNDED_CURVE() B_SPLINE_CURVE(2,(#974,#975,#976,#977,#978,#979
,#980),.UNSPECIFIED.,.T.,.F.) B_SPLINE_CURVE_WITH_KNOTS((1,2,2,2,2,1),(
    -2.094395102393,0.,2.094395102393,4.188790204786,6.28318530718,
8.377580409573),.UNSPECIFIED.) CURVE() GEOMETRIC_REPRESENTATION_ITEM() 
RATIONAL_B_SPLINE_CURVE((1.,0.5,1.,0.5,1.,0.5,1.)) REPRESENTATION_ITEM(
  '') );
#974 = CARTESIAN_POINT('',(24.465,-18.395));
#975 = CARTESIAN_POINT('',(24.465,-17.70217967697));
#976 = CARTESIAN_POINT('',(25.065,-18.04858983848));
#977 = CARTESIAN_POINT('',(25.665,-18.395));
#978 = CARTESIAN_POINT('',(25.065,-18.74141016151));
#979 = CARTESIAN_POINT('',(24.465,-19.08782032302));
#980 = CARTESIAN_POINT('',(24.465,-18.395));
#981 = ( GEOMETRIC_REPRESENTATION_CONTEXT(2) 
PARAMETRIC_REPRESENTATION_CONTEXT() REPRESENTATION_CONTEXT('2D SPACE',''
  ) );
#982 = PCURVE('',#983,#988);
#983 = CYLINDRICAL_SURFACE('',#984,0.4);
#984 = AXIS2_PLACEMENT_3D('',#985,#986,#987);
#985 = CARTESIAN_POINT('',(-26.845,-6.58,-1.E-02));
#986 = DIRECTION('',(0.,0.,1.));
#987 = DIRECTION('',(1.,0.,-0.));
#988 = DEFINITIONAL_REPRESENTATION('',(#989),#993);
#989 = LINE('',#990,#991);
#990 = CARTESIAN_POINT('',(0.,1.E-02));
#991 = VECTOR('',#992,1.);
#992 = DIRECTION('',(1.,0.));
#993 = ( GEOMETRIC_REPRESENTATION_CONTEXT(2) 
PARAMETRIC_REPRESENTATION_CONTEXT() REPRESENTATION_CONTEXT('2D SPACE',''
  ) );
#994 = FACE_BOUND('',#995,.T.);
#995 = EDGE_LOOP('',(#996));
#996 = ORIENTED_EDGE('',*,*,#997,.T.);
#997 = EDGE_CURVE('',#998,#998,#1000,.T.);
#998 = VERTEX_POINT('',#999);
#999 = CARTESIAN_POINT('',(-21.295,0.2,0.));
#1000 = SURFACE_CURVE('',#1001,(#1006,#1017),.PCURVE_S1.);
#1001 = CIRCLE('',#1002,0.4);
#1002 = AXIS2_PLACEMENT_3D('',#1003,#1004,#1005);
#1003 = CARTESIAN_POINT('',(-21.695,0.2,0.));
#1004 = DIRECTION('',(0.,0.,1.));
#1005 = DIRECTION('',(1.,0.,-0.));
#1006 = PCURVE('',#144,#1007);
#1007 = DEFINITIONAL_REPRESENTATION('',(#1008),#1016);
#1008 = ( BOUNDED_CURVE() B_SPLINE_CURVE(2,(#1009,#1010,#1011,#1012,
#1013,#1014,#1015),.UNSPECIFIED.,.T.,.F.) B_SPLINE_CURVE_WITH_KNOTS((1,2
    ,2,2,2,1),(-2.094395102393,0.,2.094395102393,4.188790204786,
6.28318530718,8.377580409573),.UNSPECIFIED.) CURVE() 
GEOMETRIC_REPRESENTATION_ITEM() RATIONAL_B_SPLINE_CURVE((1.,0.5,1.,0.5,
1.,0.5,1.)) REPRESENTATION_ITEM('') );
#1009 = CARTESIAN_POINT('',(19.315,-11.615));
#1010 = CARTESIAN_POINT('',(19.315,-10.92217967697));
#1011 = CARTESIAN_POINT('',(19.915,-11.26858983848));
#1012 = CARTESIAN_POINT('',(20.515,-11.615));
#1013 = CARTESIAN_POINT('',(19.915,-11.96141016151));
#1014 = CARTESIAN_POINT('',(19.315,-12.30782032302));
#1015 = CARTESIAN_POINT('',(19.315,-11.615));
#1016 = ( GEOMETRIC_REPRESENTATION_CONTEXT(2) 
PARAMETRIC_REPRESENTATION_CONTEXT() REPRESENTATION_CONTEXT('2D SPACE',''
  ) );
#1017 = PCURVE('',#1018,#1023);
#1018 = CYLINDRICAL_SURFACE('',#1019,0.4);
#1019 = AXIS2_PLACEMENT_3D('',#1020,#1021,#1022);
#1020 = CARTESIAN_POINT('',(-21.695,0.2,-1.E-02));
#1021 = DIRECTION('',(0.,0.,1.));
#1022 = DIRECTION('',(1.,0.,-0.));
#1023 = DEFINITIONAL_REPRESENTATION('',(#1024),#1028);
#1024 = LINE('',#1025,#1026);
#1025 = CARTESIAN_POINT('',(0.,1.E-02));
#1026 = VECTOR('',#1027,1.);
#1027 = DIRECTION('',(1.,0.));
#1028 = ( GEOMETRIC_REPRESENTATION_CONTEXT(2) 
PARAMETRIC_REPRESENTATION_CONTEXT() REPRESENTATION_CONTEXT('2D SPACE',''
  ) );
#1029 = FACE_BOUND('',#1030,.T.);
#1030 = EDGE_LOOP('',(#1031));
#1031 = ORIENTED_EDGE('',*,*,#1032,.T.);
#1032 = EDGE_CURVE('',#1033,#1033,#1035,.T.);
#1033 = VERTEX_POINT('',#1034);
#1034 = CARTESIAN_POINT('',(-26.375,0.2,0.));
#1035 = SURFACE_CURVE('',#1036,(#1041,#1052),.PCURVE_S1.);
#1036 = CIRCLE('',#1037,0.4);
#1037 = AXIS2_PLACEMENT_3D('',#1038,#1039,#1040);
#1038 = CARTESIAN_POINT('',(-26.775,0.2,0.));
#1039 = DIRECTION('',(0.,0.,1.));
#1040 = DIRECTION('',(1.,0.,-0.));
#1041 = PCURVE('',#144,#1042);
#1042 = DEFINITIONAL_REPRESENTATION('',(#1043),#1051);
#1043 = ( BOUNDED_CURVE() B_SPLINE_CURVE(2,(#1044,#1045,#1046,#1047,
#1048,#1049,#1050),.UNSPECIFIED.,.T.,.F.) B_SPLINE_CURVE_WITH_KNOTS((1,2
    ,2,2,2,1),(-2.094395102393,0.,2.094395102393,4.188790204786,
6.28318530718,8.377580409573),.UNSPECIFIED.) CURVE() 
GEOMETRIC_REPRESENTATION_ITEM() RATIONAL_B_SPLINE_CURVE((1.,0.5,1.,0.5,
1.,0.5,1.)) REPRESENTATION_ITEM('') );
#1044 = CARTESIAN_POINT('',(24.395,-11.615));
#1045 = CARTESIAN_POINT('',(24.395,-10.92217967697));
#1046 = CARTESIAN_POINT('',(24.995,-11.26858983848));
#1047 = CARTESIAN_POINT('',(25.595,-11.615));
#1048 = CARTESIAN_POINT('',(24.995,-11.96141016151));
#1049 = CARTESIAN_POINT('',(24.395,-12.30782032302));
#1050 = CARTESIAN_POINT('',(24.395,-11.615));
#1051 = ( GEOMETRIC_REPRESENTATION_CONTEXT(2) 
PARAMETRIC_REPRESENTATION_CONTEXT() REPRESENTATION_CONTEXT('2D SPACE',''
  ) );
#1052 = PCURVE('',#1053,#1058);
#1053 = CYLINDRICAL_SURFACE('',#1054,0.4);
#1054 = AXIS2_PLACEMENT_3D('',#1055,#1056,#1057);
#1055 = CARTESIAN_POINT('',(-26.775,0.2,-1.E-02));
#1056 = DIRECTION('',(0.,0.,1.));
#1057 = DIRECTION('',(1.,0.,-0.));
#1058 = DEFINITIONAL_REPRESENTATION('',(#1059),#1063);
#1059 = LINE('',#1060,#1061);
#1060 = CARTESIAN_POINT('',(0.,1.E-02));
#1061 = VECTOR('',#1062,1.);
#1062 = DIRECTION('',(1.,0.));
#1063 = ( GEOMETRIC_REPRESENTATION_CONTEXT(2) 
PARAMETRIC_REPRESENTATION_CONTEXT() REPRESENTATION_CONTEXT('2D SPACE',''
  ) );
#1064 = FACE_BOUND('',#1065,.T.);
#1065 = EDGE_LOOP('',(#1066));
#1066 = ORIENTED_EDGE('',*,*,#1067,.T.);
#1067 = EDGE_CURVE('',#1068,#1068,#1070,.T.);
#1068 = VERTEX_POINT('',#1069);
#1069 = CARTESIAN_POINT('',(-3.489,4.86,0.));
#1070 = SURFACE_CURVE('',#1071,(#1076,#1087),.PCURVE_S1.);
#1071 = CIRCLE('',#1072,0.381);
#1072 = AXIS2_PLACEMENT_3D('',#1073,#1074,#1075);
#1073 = CARTESIAN_POINT('',(-3.87,4.86,0.));
#1074 = DIRECTION('',(0.,0.,1.));
#1075 = DIRECTION('',(1.,0.,-0.));
#1076 = PCURVE('',#144,#1077);
#1077 = DEFINITIONAL_REPRESENTATION('',(#1078),#1086);
#1078 = ( BOUNDED_CURVE() B_SPLINE_CURVE(2,(#1079,#1080,#1081,#1082,
#1083,#1084,#1085),.UNSPECIFIED.,.T.,.F.) B_SPLINE_CURVE_WITH_KNOTS((1,2
    ,2,2,2,1),(-2.094395102393,0.,2.094395102393,4.188790204786,
6.28318530718,8.377580409573),.UNSPECIFIED.) CURVE() 
GEOMETRIC_REPRESENTATION_ITEM() RATIONAL_B_SPLINE_CURVE((1.,0.5,1.,0.5,
1.,0.5,1.)) REPRESENTATION_ITEM('') );
#1079 = CARTESIAN_POINT('',(1.509,-6.955));
#1080 = CARTESIAN_POINT('',(1.509,-6.295088642316));
#1081 = CARTESIAN_POINT('',(2.0805,-6.625044321158));
#1082 = CARTESIAN_POINT('',(2.652,-6.955));
#1083 = CARTESIAN_POINT('',(2.0805,-7.284955678842));
#1084 = CARTESIAN_POINT('',(1.509,-7.614911357684));
#1085 = CARTESIAN_POINT('',(1.509,-6.955));
#1086 = ( GEOMETRIC_REPRESENTATION_CONTEXT(2) 
PARAMETRIC_REPRESENTATION_CONTEXT() REPRESENTATION_CONTEXT('2D SPACE',''
  ) );
#1087 = PCURVE('',#1088,#1093);
#1088 = CYLINDRICAL_SURFACE('',#1089,0.381);
#1089 = AXIS2_PLACEMENT_3D('',#1090,#1091,#1092);
#1090 = CARTESIAN_POINT('',(-3.87,4.86,-1.E-02));
#1091 = DIRECTION('',(0.,0.,1.));
#1092 = DIRECTION('',(1.,0.,-0.));
#1093 = DEFINITIONAL_REPRESENTATION('',(#1094),#1098);
#1094 = LINE('',#1095,#1096);
#1095 = CARTESIAN_POINT('',(0.,1.E-02));
#1096 = VECTOR('',#1097,1.);
#1097 = DIRECTION('',(1.,0.));
#1098 = ( GEOMETRIC_REPRESENTATION_CONTEXT(2) 
PARAMETRIC_REPRESENTATION_CONTEXT() REPRESENTATION_CONTEXT('2D SPACE',''
  ) );
#1099 = FACE_BOUND('',#1100,.T.);
#1100 = EDGE_LOOP('',(#1101));
#1101 = ORIENTED_EDGE('',*,*,#1102,.T.);
#1102 = EDGE_CURVE('',#1103,#1103,#1105,.T.);
#1103 = VERTEX_POINT('',#1104);
#1104 = CARTESIAN_POINT('',(-6.029,4.86,0.));
#1105 = SURFACE_CURVE('',#1106,(#1111,#1122),.PCURVE_S1.);
#1106 = CIRCLE('',#1107,0.381);
#1107 = AXIS2_PLACEMENT_3D('',#1108,#1109,#1110);
#1108 = CARTESIAN_POINT('',(-6.41,4.86,0.));
#1109 = DIRECTION('',(0.,0.,1.));
#1110 = DIRECTION('',(1.,0.,-0.));
#1111 = PCURVE('',#144,#1112);
#1112 = DEFINITIONAL_REPRESENTATION('',(#1113),#1121);
#1113 = ( BOUNDED_CURVE() B_SPLINE_CURVE(2,(#1114,#1115,#1116,#1117,
#1118,#1119,#1120),.UNSPECIFIED.,.T.,.F.) B_SPLINE_CURVE_WITH_KNOTS((1,2
    ,2,2,2,1),(-2.094395102393,0.,2.094395102393,4.188790204786,
6.28318530718,8.377580409573),.UNSPECIFIED.) CURVE() 
GEOMETRIC_REPRESENTATION_ITEM() RATIONAL_B_SPLINE_CURVE((1.,0.5,1.,0.5,
1.,0.5,1.)) REPRESENTATION_ITEM('') );
#1114 = CARTESIAN_POINT('',(4.049,-6.955));
#1115 = CARTESIAN_POINT('',(4.049,-6.295088642316));
#1116 = CARTESIAN_POINT('',(4.6205,-6.625044321158));
#1117 = CARTESIAN_POINT('',(5.192,-6.955));
#1118 = CARTESIAN_POINT('',(4.6205,-7.284955678842));
#1119 = CARTESIAN_POINT('',(4.049,-7.614911357684));
#1120 = CARTESIAN_POINT('',(4.049,-6.955));
#1121 = ( GEOMETRIC_REPRESENTATION_CONTEXT(2) 
PARAMETRIC_REPRESENTATION_CONTEXT() REPRESENTATION_CONTEXT('2D SPACE',''
  ) );
#1122 = PCURVE('',#1123,#1128);
#1123 = CYLINDRICAL_SURFACE('',#1124,0.381);
#1124 = AXIS2_PLACEMENT_3D('',#1125,#1126,#1127);
#1125 = CARTESIAN_POINT('',(-6.41,4.86,-1.E-02));
#1126 = DIRECTION('',(0.,0.,1.));
#1127 = DIRECTION('',(1.,0.,-0.));
#1128 = DEFINITIONAL_REPRESENTATION('',(#1129),#1133);
#1129 = LINE('',#1130,#1131);
#1130 = CARTESIAN_POINT('',(0.,1.E-02));
#1131 = VECTOR('',#1132,1.);
#1132 = DIRECTION('',(1.,0.));
#1133 = ( GEOMETRIC_REPRESENTATION_CONTEXT(2) 
PARAMETRIC_REPRESENTATION_CONTEXT() REPRESENTATION_CONTEXT('2D SPACE',''
  ) );
#1134 = FACE_BOUND('',#1135,.T.);
#1135 = EDGE_LOOP('',(#1136));
#1136 = ORIENTED_EDGE('',*,*,#1137,.T.);
#1137 = EDGE_CURVE('',#1138,#1138,#1140,.T.);
#1138 = VERTEX_POINT('',#1139);
#1139 = CARTESIAN_POINT('',(-8.569,4.86,0.));
#1140 = SURFACE_CURVE('',#1141,(#1146,#1157),.PCURVE_S1.);
#1141 = CIRCLE('',#1142,0.381);
#1142 = AXIS2_PLACEMENT_3D('',#1143,#1144,#1145);
#1143 = CARTESIAN_POINT('',(-8.95,4.86,0.));
#1144 = DIRECTION('',(0.,0.,1.));
#1145 = DIRECTION('',(1.,0.,-0.));
#1146 = PCURVE('',#144,#1147);
#1147 = DEFINITIONAL_REPRESENTATION('',(#1148),#1156);
#1148 = ( BOUNDED_CURVE() B_SPLINE_CURVE(2,(#1149,#1150,#1151,#1152,
#1153,#1154,#1155),.UNSPECIFIED.,.T.,.F.) B_SPLINE_CURVE_WITH_KNOTS((1,2
    ,2,2,2,1),(-2.094395102393,0.,2.094395102393,4.188790204786,
6.28318530718,8.377580409573),.UNSPECIFIED.) CURVE() 
GEOMETRIC_REPRESENTATION_ITEM() RATIONAL_B_SPLINE_CURVE((1.,0.5,1.,0.5,
1.,0.5,1.)) REPRESENTATION_ITEM('') );
#1149 = CARTESIAN_POINT('',(6.589,-6.955));
#1150 = CARTESIAN_POINT('',(6.589,-6.295088642316));
#1151 = CARTESIAN_POINT('',(7.1605,-6.625044321158));
#1152 = CARTESIAN_POINT('',(7.732,-6.955));
#1153 = CARTESIAN_POINT('',(7.1605,-7.284955678842));
#1154 = CARTESIAN_POINT('',(6.589,-7.614911357684));
#1155 = CARTESIAN_POINT('',(6.589,-6.955));
#1156 = ( GEOMETRIC_REPRESENTATION_CONTEXT(2) 
PARAMETRIC_REPRESENTATION_CONTEXT() REPRESENTATION_CONTEXT('2D SPACE',''
  ) );
#1157 = PCURVE('',#1158,#1163);
#1158 = CYLINDRICAL_SURFACE('',#1159,0.381);
#1159 = AXIS2_PLACEMENT_3D('',#1160,#1161,#1162);
#1160 = CARTESIAN_POINT('',(-8.95,4.86,-1.E-02));
#1161 = DIRECTION('',(0.,0.,1.));
#1162 = DIRECTION('',(1.,0.,-0.));
#1163 = DEFINITIONAL_REPRESENTATION('',(#1164),#1168);
#1164 = LINE('',#1165,#1166);
#1165 = CARTESIAN_POINT('',(0.,1.E-02));
#1166 = VECTOR('',#1167,1.);
#1167 = DIRECTION('',(1.,0.));
#1168 = ( GEOMETRIC_REPRESENTATION_CONTEXT(2) 
PARAMETRIC_REPRESENTATION_CONTEXT() REPRESENTATION_CONTEXT('2D SPACE',''
  ) );
#1169 = FACE_BOUND('',#1170,.T.);
#1170 = EDGE_LOOP('',(#1171));
#1171 = ORIENTED_EDGE('',*,*,#1172,.T.);
#1172 = EDGE_CURVE('',#1173,#1173,#1175,.T.);
#1173 = VERTEX_POINT('',#1174);
#1174 = CARTESIAN_POINT('',(-11.109,4.86,0.));
#1175 = SURFACE_CURVE('',#1176,(#1181,#1192),.PCURVE_S1.);
#1176 = CIRCLE('',#1177,0.381);
#1177 = AXIS2_PLACEMENT_3D('',#1178,#1179,#1180);
#1178 = CARTESIAN_POINT('',(-11.49,4.86,0.));
#1179 = DIRECTION('',(0.,0.,1.));
#1180 = DIRECTION('',(1.,0.,-0.));
#1181 = PCURVE('',#144,#1182);
#1182 = DEFINITIONAL_REPRESENTATION('',(#1183),#1191);
#1183 = ( BOUNDED_CURVE() B_SPLINE_CURVE(2,(#1184,#1185,#1186,#1187,
#1188,#1189,#1190),.UNSPECIFIED.,.T.,.F.) B_SPLINE_CURVE_WITH_KNOTS((1,2
    ,2,2,2,1),(-2.094395102393,0.,2.094395102393,4.188790204786,
6.28318530718,8.377580409573),.UNSPECIFIED.) CURVE() 
GEOMETRIC_REPRESENTATION_ITEM() RATIONAL_B_SPLINE_CURVE((1.,0.5,1.,0.5,
1.,0.5,1.)) REPRESENTATION_ITEM('') );
#1184 = CARTESIAN_POINT('',(9.129,-6.955));
#1185 = CARTESIAN_POINT('',(9.129,-6.295088642316));
#1186 = CARTESIAN_POINT('',(9.7005,-6.625044321158));
#1187 = CARTESIAN_POINT('',(10.272,-6.955));
#1188 = CARTESIAN_POINT('',(9.7005,-7.284955678842));
#1189 = CARTESIAN_POINT('',(9.129,-7.614911357684));
#1190 = CARTESIAN_POINT('',(9.129,-6.955));
#1191 = ( GEOMETRIC_REPRESENTATION_CONTEXT(2) 
PARAMETRIC_REPRESENTATION_CONTEXT() REPRESENTATION_CONTEXT('2D SPACE',''
  ) );
#1192 = PCURVE('',#1193,#1198);
#1193 = CYLINDRICAL_SURFACE('',#1194,0.381);
#1194 = AXIS2_PLACEMENT_3D('',#1195,#1196,#1197);
#1195 = CARTESIAN_POINT('',(-11.49,4.86,-1.E-02));
#1196 = DIRECTION('',(0.,0.,1.));
#1197 = DIRECTION('',(1.,0.,-0.));
#1198 = DEFINITIONAL_REPRESENTATION('',(#1199),#1203);
#1199 = LINE('',#1200,#1201);
#1200 = CARTESIAN_POINT('',(0.,1.E-02));
#1201 = VECTOR('',#1202,1.);
#1202 = DIRECTION('',(1.,0.));
#1203 = ( GEOMETRIC_REPRESENTATION_CONTEXT(2) 
PARAMETRIC_REPRESENTATION_CONTEXT() REPRESENTATION_CONTEXT('2D SPACE',''
  ) );
#1204 = FACE_BOUND('',#1205,.T.);
#1205 = EDGE_LOOP('',(#1206));
#1206 = ORIENTED_EDGE('',*,*,#1207,.T.);
#1207 = EDGE_CURVE('',#1208,#1208,#1210,.T.);
#1208 = VERTEX_POINT('',#1209);
#1209 = CARTESIAN_POINT('',(-13.649,4.86,0.));
#1210 = SURFACE_CURVE('',#1211,(#1216,#1227),.PCURVE_S1.);
#1211 = CIRCLE('',#1212,0.381);
#1212 = AXIS2_PLACEMENT_3D('',#1213,#1214,#1215);
#1213 = CARTESIAN_POINT('',(-14.03,4.86,0.));
#1214 = DIRECTION('',(0.,0.,1.));
#1215 = DIRECTION('',(1.,0.,-0.));
#1216 = PCURVE('',#144,#1217);
#1217 = DEFINITIONAL_REPRESENTATION('',(#1218),#1226);
#1218 = ( BOUNDED_CURVE() B_SPLINE_CURVE(2,(#1219,#1220,#1221,#1222,
#1223,#1224,#1225),.UNSPECIFIED.,.T.,.F.) B_SPLINE_CURVE_WITH_KNOTS((1,2
    ,2,2,2,1),(-2.094395102393,0.,2.094395102393,4.188790204786,
6.28318530718,8.377580409573),.UNSPECIFIED.) CURVE() 
GEOMETRIC_REPRESENTATION_ITEM() RATIONAL_B_SPLINE_CURVE((1.,0.5,1.,0.5,
1.,0.5,1.)) REPRESENTATION_ITEM('') );
#1219 = CARTESIAN_POINT('',(11.669,-6.955));
#1220 = CARTESIAN_POINT('',(11.669,-6.295088642316));
#1221 = CARTESIAN_POINT('',(12.2405,-6.625044321158));
#1222 = CARTESIAN_POINT('',(12.812,-6.955));
#1223 = CARTESIAN_POINT('',(12.2405,-7.284955678842));
#1224 = CARTESIAN_POINT('',(11.669,-7.614911357684));
#1225 = CARTESIAN_POINT('',(11.669,-6.955));
#1226 = ( GEOMETRIC_REPRESENTATION_CONTEXT(2) 
PARAMETRIC_REPRESENTATION_CONTEXT() REPRESENTATION_CONTEXT('2D SPACE',''
  ) );
#1227 = PCURVE('',#1228,#1233);
#1228 = CYLINDRICAL_SURFACE('',#1229,0.381);
#1229 = AXIS2_PLACEMENT_3D('',#1230,#1231,#1232);
#1230 = CARTESIAN_POINT('',(-14.03,4.86,-1.E-02));
#1231 = DIRECTION('',(0.,0.,1.));
#1232 = DIRECTION('',(1.,0.,-0.));
#1233 = DEFINITIONAL_REPRESENTATION('',(#1234),#1238);
#1234 = LINE('',#1235,#1236);
#1235 = CARTESIAN_POINT('',(0.,1.E-02));
#1236 = VECTOR('',#1237,1.);
#1237 = DIRECTION('',(1.,0.));
#1238 = ( GEOMETRIC_REPRESENTATION_CONTEXT(2) 
PARAMETRIC_REPRESENTATION_CONTEXT() REPRESENTATION_CONTEXT('2D SPACE',''
  ) );
#1239 = FACE_BOUND('',#1240,.T.);
#1240 = EDGE_LOOP('',(#1241));
#1241 = ORIENTED_EDGE('',*,*,#1242,.T.);
#1242 = EDGE_CURVE('',#1243,#1243,#1245,.T.);
#1243 = VERTEX_POINT('',#1244);
#1244 = CARTESIAN_POINT('',(-16.189,4.86,0.));
#1245 = SURFACE_CURVE('',#1246,(#1251,#1262),.PCURVE_S1.);
#1246 = CIRCLE('',#1247,0.381);
#1247 = AXIS2_PLACEMENT_3D('',#1248,#1249,#1250);
#1248 = CARTESIAN_POINT('',(-16.57,4.86,0.));
#1249 = DIRECTION('',(0.,0.,1.));
#1250 = DIRECTION('',(1.,0.,-0.));
#1251 = PCURVE('',#144,#1252);
#1252 = DEFINITIONAL_REPRESENTATION('',(#1253),#1261);
#1253 = ( BOUNDED_CURVE() B_SPLINE_CURVE(2,(#1254,#1255,#1256,#1257,
#1258,#1259,#1260),.UNSPECIFIED.,.T.,.F.) B_SPLINE_CURVE_WITH_KNOTS((1,2
    ,2,2,2,1),(-2.094395102393,0.,2.094395102393,4.188790204786,
6.28318530718,8.377580409573),.UNSPECIFIED.) CURVE() 
GEOMETRIC_REPRESENTATION_ITEM() RATIONAL_B_SPLINE_CURVE((1.,0.5,1.,0.5,
1.,0.5,1.)) REPRESENTATION_ITEM('') );
#1254 = CARTESIAN_POINT('',(14.209,-6.955));
#1255 = CARTESIAN_POINT('',(14.209,-6.295088642316));
#1256 = CARTESIAN_POINT('',(14.7805,-6.625044321158));
#1257 = CARTESIAN_POINT('',(15.352,-6.955));
#1258 = CARTESIAN_POINT('',(14.7805,-7.284955678842));
#1259 = CARTESIAN_POINT('',(14.209,-7.614911357684));
#1260 = CARTESIAN_POINT('',(14.209,-6.955));
#1261 = ( GEOMETRIC_REPRESENTATION_CONTEXT(2) 
PARAMETRIC_REPRESENTATION_CONTEXT() REPRESENTATION_CONTEXT('2D SPACE',''
  ) );
#1262 = PCURVE('',#1263,#1268);
#1263 = CYLINDRICAL_SURFACE('',#1264,0.381);
#1264 = AXIS2_PLACEMENT_3D('',#1265,#1266,#1267);
#1265 = CARTESIAN_POINT('',(-16.57,4.86,-1.E-02));
#1266 = DIRECTION('',(0.,0.,1.));
#1267 = DIRECTION('',(1.,0.,-0.));
#1268 = DEFINITIONAL_REPRESENTATION('',(#1269),#1273);
#1269 = LINE('',#1270,#1271);
#1270 = CARTESIAN_POINT('',(0.,1.E-02));
#1271 = VECTOR('',#1272,1.);
#1272 = DIRECTION('',(1.,0.));
#1273 = ( GEOMETRIC_REPRESENTATION_CONTEXT(2) 
PARAMETRIC_REPRESENTATION_CONTEXT() REPRESENTATION_CONTEXT('2D SPACE',''
  ) );
#1274 = FACE_BOUND('',#1275,.T.);
#1275 = EDGE_LOOP('',(#1276));
#1276 = ORIENTED_EDGE('',*,*,#1277,.T.);
#1277 = EDGE_CURVE('',#1278,#1278,#1280,.T.);
#1278 = VERTEX_POINT('',#1279);
#1279 = CARTESIAN_POINT('',(-18.729,4.86,0.));
#1280 = SURFACE_CURVE('',#1281,(#1286,#1297),.PCURVE_S1.);
#1281 = CIRCLE('',#1282,0.381);
#1282 = AXIS2_PLACEMENT_3D('',#1283,#1284,#1285);
#1283 = CARTESIAN_POINT('',(-19.11,4.86,0.));
#1284 = DIRECTION('',(0.,0.,1.));
#1285 = DIRECTION('',(1.,0.,-0.));
#1286 = PCURVE('',#144,#1287);
#1287 = DEFINITIONAL_REPRESENTATION('',(#1288),#1296);
#1288 = ( BOUNDED_CURVE() B_SPLINE_CURVE(2,(#1289,#1290,#1291,#1292,
#1293,#1294,#1295),.UNSPECIFIED.,.T.,.F.) B_SPLINE_CURVE_WITH_KNOTS((1,2
    ,2,2,2,1),(-2.094395102393,0.,2.094395102393,4.188790204786,
6.28318530718,8.377580409573),.UNSPECIFIED.) CURVE() 
GEOMETRIC_REPRESENTATION_ITEM() RATIONAL_B_SPLINE_CURVE((1.,0.5,1.,0.5,
1.,0.5,1.)) REPRESENTATION_ITEM('') );
#1289 = CARTESIAN_POINT('',(16.749,-6.955));
#1290 = CARTESIAN_POINT('',(16.749,-6.295088642316));
#1291 = CARTESIAN_POINT('',(17.3205,-6.625044321158));
#1292 = CARTESIAN_POINT('',(17.892,-6.955));
#1293 = CARTESIAN_POINT('',(17.3205,-7.284955678842));
#1294 = CARTESIAN_POINT('',(16.749,-7.614911357684));
#1295 = CARTESIAN_POINT('',(16.749,-6.955));
#1296 = ( GEOMETRIC_REPRESENTATION_CONTEXT(2) 
PARAMETRIC_REPRESENTATION_CONTEXT() REPRESENTATION_CONTEXT('2D SPACE',''
  ) );
#1297 = PCURVE('',#1298,#1303);
#1298 = CYLINDRICAL_SURFACE('',#1299,0.381);
#1299 = AXIS2_PLACEMENT_3D('',#1300,#1301,#1302);
#1300 = CARTESIAN_POINT('',(-19.11,4.86,-1.E-02));
#1301 = DIRECTION('',(0.,0.,1.));
#1302 = DIRECTION('',(1.,0.,-0.));
#1303 = DEFINITIONAL_REPRESENTATION('',(#1304),#1308);
#1304 = LINE('',#1305,#1306);
#1305 = CARTESIAN_POINT('',(0.,1.E-02));
#1306 = VECTOR('',#1307,1.);
#1307 = DIRECTION('',(1.,0.));
#1308 = ( GEOMETRIC_REPRESENTATION_CONTEXT(2) 
PARAMETRIC_REPRESENTATION_CONTEXT() REPRESENTATION_CONTEXT('2D SPACE',''
  ) );
#1309 = FACE_BOUND('',#1310,.T.);
#1310 = EDGE_LOOP('',(#1311));
#1311 = ORIENTED_EDGE('',*,*,#1312,.T.);
#1312 = EDGE_CURVE('',#1313,#1313,#1315,.T.);
#1313 = VERTEX_POINT('',#1314);
#1314 = CARTESIAN_POINT('',(-21.269,4.86,0.));
#1315 = SURFACE_CURVE('',#1316,(#1321,#1332),.PCURVE_S1.);
#1316 = CIRCLE('',#1317,0.381);
#1317 = AXIS2_PLACEMENT_3D('',#1318,#1319,#1320);
#1318 = CARTESIAN_POINT('',(-21.65,4.86,0.));
#1319 = DIRECTION('',(0.,0.,1.));
#1320 = DIRECTION('',(1.,0.,-0.));
#1321 = PCURVE('',#144,#1322);
#1322 = DEFINITIONAL_REPRESENTATION('',(#1323),#1331);
#1323 = ( BOUNDED_CURVE() B_SPLINE_CURVE(2,(#1324,#1325,#1326,#1327,
#1328,#1329,#1330),.UNSPECIFIED.,.T.,.F.) B_SPLINE_CURVE_WITH_KNOTS((1,2
    ,2,2,2,1),(-2.094395102393,0.,2.094395102393,4.188790204786,
6.28318530718,8.377580409573),.UNSPECIFIED.) CURVE() 
GEOMETRIC_REPRESENTATION_ITEM() RATIONAL_B_SPLINE_CURVE((1.,0.5,1.,0.5,
1.,0.5,1.)) REPRESENTATION_ITEM('') );
#1324 = CARTESIAN_POINT('',(19.289,-6.955));
#1325 = CARTESIAN_POINT('',(19.289,-6.295088642316));
#1326 = CARTESIAN_POINT('',(19.8605,-6.625044321158));
#1327 = CARTESIAN_POINT('',(20.432,-6.955));
#1328 = CARTESIAN_POINT('',(19.8605,-7.284955678842));
#1329 = CARTESIAN_POINT('',(19.289,-7.614911357684));
#1330 = CARTESIAN_POINT('',(19.289,-6.955));
#1331 = ( GEOMETRIC_REPRESENTATION_CONTEXT(2) 
PARAMETRIC_REPRESENTATION_CONTEXT() REPRESENTATION_CONTEXT('2D SPACE',''
  ) );
#1332 = PCURVE('',#1333,#1338);
#1333 = CYLINDRICAL_SURFACE('',#1334,0.381);
#1334 = AXIS2_PLACEMENT_3D('',#1335,#1336,#1337);
#1335 = CARTESIAN_POINT('',(-21.65,4.86,-1.E-02));
#1336 = DIRECTION('',(0.,0.,1.));
#1337 = DIRECTION('',(1.,0.,-0.));
#1338 = DEFINITIONAL_REPRESENTATION('',(#1339),#1343);
#1339 = LINE('',#1340,#1341);
#1340 = CARTESIAN_POINT('',(0.,1.E-02));
#1341 = VECTOR('',#1342,1.);
#1342 = DIRECTION('',(1.,0.));
#1343 = ( GEOMETRIC_REPRESENTATION_CONTEXT(2) 
PARAMETRIC_REPRESENTATION_CONTEXT() REPRESENTATION_CONTEXT('2D SPACE',''
  ) );
#1344 = FACE_BOUND('',#1345,.T.);
#1345 = EDGE_LOOP('',(#1346));
#1346 = ORIENTED_EDGE('',*,*,#1347,.T.);
#1347 = EDGE_CURVE('',#1348,#1348,#1350,.T.);
#1348 = VERTEX_POINT('',#1349);
#1349 = CARTESIAN_POINT('',(-24.066897,5.853103,0.));
#1350 = SURFACE_CURVE('',#1351,(#1356,#1367),.PCURVE_S1.);
#1351 = CIRCLE('',#1352,1.613103);
#1352 = AXIS2_PLACEMENT_3D('',#1353,#1354,#1355);
#1353 = CARTESIAN_POINT('',(-25.68,5.853103,0.));
#1354 = DIRECTION('',(0.,0.,1.));
#1355 = DIRECTION('',(1.,0.,-0.));
#1356 = PCURVE('',#144,#1357);
#1357 = DEFINITIONAL_REPRESENTATION('',(#1358),#1366);
#1358 = ( BOUNDED_CURVE() B_SPLINE_CURVE(2,(#1359,#1360,#1361,#1362,
#1363,#1364,#1365),.UNSPECIFIED.,.T.,.F.) B_SPLINE_CURVE_WITH_KNOTS((1,2
    ,2,2,2,1),(-2.094395102393,0.,2.094395102393,4.188790204786,
6.28318530718,8.377580409573),.UNSPECIFIED.) CURVE() 
GEOMETRIC_REPRESENTATION_ITEM() RATIONAL_B_SPLINE_CURVE((1.,0.5,1.,0.5,
1.,0.5,1.)) REPRESENTATION_ITEM('') );
#1359 = CARTESIAN_POINT('',(22.086897,-5.961897));
#1360 = CARTESIAN_POINT('',(22.086897,-3.167920646158));
#1361 = CARTESIAN_POINT('',(24.5065515,-4.564908823079));
#1362 = CARTESIAN_POINT('',(26.926206,-5.961897));
#1363 = CARTESIAN_POINT('',(24.5065515,-7.358885176921));
#1364 = CARTESIAN_POINT('',(22.086897,-8.755873353842));
#1365 = CARTESIAN_POINT('',(22.086897,-5.961897));
#1366 = ( GEOMETRIC_REPRESENTATION_CONTEXT(2) 
PARAMETRIC_REPRESENTATION_CONTEXT() REPRESENTATION_CONTEXT('2D SPACE',''
  ) );
#1367 = PCURVE('',#1368,#1373);
#1368 = CYLINDRICAL_SURFACE('',#1369,1.613103);
#1369 = AXIS2_PLACEMENT_3D('',#1370,#1371,#1372);
#1370 = CARTESIAN_POINT('',(-25.68,5.853103,0.));
#1371 = DIRECTION('',(0.,0.,1.));
#1372 = DIRECTION('',(1.,0.,-0.));
#1373 = DEFINITIONAL_REPRESENTATION('',(#1374),#1378);
#1374 = LINE('',#1375,#1376);
#1375 = CARTESIAN_POINT('',(0.,0.));
#1376 = VECTOR('',#1377,1.);
#1377 = DIRECTION('',(1.,0.));
#1378 = ( GEOMETRIC_REPRESENTATION_CONTEXT(2) 
PARAMETRIC_REPRESENTATION_CONTEXT() REPRESENTATION_CONTEXT('2D SPACE',''
  ) );
#1379 = FACE_BOUND('',#1380,.T.);
#1380 = EDGE_LOOP('',(#1381));
#1381 = ORIENTED_EDGE('',*,*,#1382,.T.);
#1382 = EDGE_CURVE('',#1383,#1383,#1385,.T.);
#1383 = VERTEX_POINT('',#1384);
#1384 = CARTESIAN_POINT('',(23.41,29.29,0.));
#1385 = SURFACE_CURVE('',#1386,(#1391,#1402),.PCURVE_S1.);
#1386 = CIRCLE('',#1387,1.613103);
#1387 = AXIS2_PLACEMENT_3D('',#1388,#1389,#1390);
#1388 = CARTESIAN_POINT('',(21.796897,29.29,0.));
#1389 = DIRECTION('',(0.,0.,1.));
#1390 = DIRECTION('',(1.,0.,-0.));
#1391 = PCURVE('',#144,#1392);
#1392 = DEFINITIONAL_REPRESENTATION('',(#1393),#1401);
#1393 = ( BOUNDED_CURVE() B_SPLINE_CURVE(2,(#1394,#1395,#1396,#1397,
#1398,#1399,#1400),.UNSPECIFIED.,.T.,.F.) B_SPLINE_CURVE_WITH_KNOTS((1,2
    ,2,2,2,1),(-2.094395102393,0.,2.094395102393,4.188790204786,
6.28318530718,8.377580409573),.UNSPECIFIED.) CURVE() 
GEOMETRIC_REPRESENTATION_ITEM() RATIONAL_B_SPLINE_CURVE((1.,0.5,1.,0.5,
1.,0.5,1.)) REPRESENTATION_ITEM('') );
#1394 = CARTESIAN_POINT('',(-25.39,17.475));
#1395 = CARTESIAN_POINT('',(-25.39,20.268976353842));
#1396 = CARTESIAN_POINT('',(-22.9703455,18.871988176921));
#1397 = CARTESIAN_POINT('',(-20.550691,17.475));
#1398 = CARTESIAN_POINT('',(-22.9703455,16.078011823079));
#1399 = CARTESIAN_POINT('',(-25.39,14.681023646158));
#1400 = CARTESIAN_POINT('',(-25.39,17.475));
#1401 = ( GEOMETRIC_REPRESENTATION_CONTEXT(2) 
PARAMETRIC_REPRESENTATION_CONTEXT() REPRESENTATION_CONTEXT('2D SPACE',''
  ) );
#1402 = PCURVE('',#1403,#1408);
#1403 = CYLINDRICAL_SURFACE('',#1404,1.613103);
#1404 = AXIS2_PLACEMENT_3D('',#1405,#1406,#1407);
#1405 = CARTESIAN_POINT('',(21.796897,29.29,0.));
#1406 = DIRECTION('',(0.,0.,1.));
#1407 = DIRECTION('',(1.,0.,-0.));
#1408 = DEFINITIONAL_REPRESENTATION('',(#1409),#1413);
#1409 = LINE('',#1410,#1411);
#1410 = CARTESIAN_POINT('',(0.,0.));
#1411 = VECTOR('',#1412,1.);
#1412 = DIRECTION('',(1.,0.));
#1413 = ( GEOMETRIC_REPRESENTATION_CONTEXT(2) 
PARAMETRIC_REPRESENTATION_CONTEXT() REPRESENTATION_CONTEXT('2D SPACE',''
  ) );
#1414 = FACE_BOUND('',#1415,.T.);
#1415 = EDGE_LOOP('',(#1416));
#1416 = ORIENTED_EDGE('',*,*,#1417,.T.);
#1417 = EDGE_CURVE('',#1418,#1418,#1420,.T.);
#1418 = VERTEX_POINT('',#1419);
#1419 = CARTESIAN_POINT('',(14.291,30.26,0.));
#1420 = SURFACE_CURVE('',#1421,(#1426,#1437),.PCURVE_S1.);
#1421 = CIRCLE('',#1422,0.381);
#1422 = AXIS2_PLACEMENT_3D('',#1423,#1424,#1425);
#1423 = CARTESIAN_POINT('',(13.91,30.26,0.));
#1424 = DIRECTION('',(0.,0.,1.));
#1425 = DIRECTION('',(1.,0.,-0.));
#1426 = PCURVE('',#144,#1427);
#1427 = DEFINITIONAL_REPRESENTATION('',(#1428),#1436);
#1428 = ( BOUNDED_CURVE() B_SPLINE_CURVE(2,(#1429,#1430,#1431,#1432,
#1433,#1434,#1435),.UNSPECIFIED.,.T.,.F.) B_SPLINE_CURVE_WITH_KNOTS((1,2
    ,2,2,2,1),(-2.094395102393,0.,2.094395102393,4.188790204786,
6.28318530718,8.377580409573),.UNSPECIFIED.) CURVE() 
GEOMETRIC_REPRESENTATION_ITEM() RATIONAL_B_SPLINE_CURVE((1.,0.5,1.,0.5,
1.,0.5,1.)) REPRESENTATION_ITEM('') );
#1429 = CARTESIAN_POINT('',(-16.271,18.445));
#1430 = CARTESIAN_POINT('',(-16.271,19.104911357684));
#1431 = CARTESIAN_POINT('',(-15.6995,18.774955678842));
#1432 = CARTESIAN_POINT('',(-15.128,18.445));
#1433 = CARTESIAN_POINT('',(-15.6995,18.115044321158));
#1434 = CARTESIAN_POINT('',(-16.271,17.785088642316));
#1435 = CARTESIAN_POINT('',(-16.271,18.445));
#1436 = ( GEOMETRIC_REPRESENTATION_CONTEXT(2) 
PARAMETRIC_REPRESENTATION_CONTEXT() REPRESENTATION_CONTEXT('2D SPACE',''
  ) );
#1437 = PCURVE('',#1438,#1443);
#1438 = CYLINDRICAL_SURFACE('',#1439,0.381);
#1439 = AXIS2_PLACEMENT_3D('',#1440,#1441,#1442);
#1440 = CARTESIAN_POINT('',(13.91,30.26,-1.E-02));
#1441 = DIRECTION('',(0.,0.,1.));
#1442 = DIRECTION('',(1.,0.,-0.));
#1443 = DEFINITIONAL_REPRESENTATION('',(#1444),#1448);
#1444 = LINE('',#1445,#1446);
#1445 = CARTESIAN_POINT('',(0.,1.E-02));
#1446 = VECTOR('',#1447,1.);
#1447 = DIRECTION('',(1.,0.));
#1448 = ( GEOMETRIC_REPRESENTATION_CONTEXT(2) 
PARAMETRIC_REPRESENTATION_CONTEXT() REPRESENTATION_CONTEXT('2D SPACE',''
  ) );
#1449 = FACE_BOUND('',#1450,.T.);
#1450 = EDGE_LOOP('',(#1451));
#1451 = ORIENTED_EDGE('',*,*,#1452,.T.);
#1452 = EDGE_CURVE('',#1453,#1453,#1455,.T.);
#1453 = VERTEX_POINT('',#1454);
#1454 = CARTESIAN_POINT('',(11.751,30.26,0.));
#1455 = SURFACE_CURVE('',#1456,(#1461,#1472),.PCURVE_S1.);
#1456 = CIRCLE('',#1457,0.381);
#1457 = AXIS2_PLACEMENT_3D('',#1458,#1459,#1460);
#1458 = CARTESIAN_POINT('',(11.37,30.26,0.));
#1459 = DIRECTION('',(0.,0.,1.));
#1460 = DIRECTION('',(1.,0.,-0.));
#1461 = PCURVE('',#144,#1462);
#1462 = DEFINITIONAL_REPRESENTATION('',(#1463),#1471);
#1463 = ( BOUNDED_CURVE() B_SPLINE_CURVE(2,(#1464,#1465,#1466,#1467,
#1468,#1469,#1470),.UNSPECIFIED.,.T.,.F.) B_SPLINE_CURVE_WITH_KNOTS((1,2
    ,2,2,2,1),(-2.094395102393,0.,2.094395102393,4.188790204786,
6.28318530718,8.377580409573),.UNSPECIFIED.) CURVE() 
GEOMETRIC_REPRESENTATION_ITEM() RATIONAL_B_SPLINE_CURVE((1.,0.5,1.,0.5,
1.,0.5,1.)) REPRESENTATION_ITEM('') );
#1464 = CARTESIAN_POINT('',(-13.731,18.445));
#1465 = CARTESIAN_POINT('',(-13.731,19.104911357684));
#1466 = CARTESIAN_POINT('',(-13.1595,18.774955678842));
#1467 = CARTESIAN_POINT('',(-12.588,18.445));
#1468 = CARTESIAN_POINT('',(-13.1595,18.115044321158));
#1469 = CARTESIAN_POINT('',(-13.731,17.785088642316));
#1470 = CARTESIAN_POINT('',(-13.731,18.445));
#1471 = ( GEOMETRIC_REPRESENTATION_CONTEXT(2) 
PARAMETRIC_REPRESENTATION_CONTEXT() REPRESENTATION_CONTEXT('2D SPACE',''
  ) );
#1472 = PCURVE('',#1473,#1478);
#1473 = CYLINDRICAL_SURFACE('',#1474,0.381);
#1474 = AXIS2_PLACEMENT_3D('',#1475,#1476,#1477);
#1475 = CARTESIAN_POINT('',(11.37,30.26,-1.E-02));
#1476 = DIRECTION('',(0.,0.,1.));
#1477 = DIRECTION('',(1.,0.,-0.));
#1478 = DEFINITIONAL_REPRESENTATION('',(#1479),#1483);
#1479 = LINE('',#1480,#1481);
#1480 = CARTESIAN_POINT('',(0.,1.E-02));
#1481 = VECTOR('',#1482,1.);
#1482 = DIRECTION('',(1.,0.));
#1483 = ( GEOMETRIC_REPRESENTATION_CONTEXT(2) 
PARAMETRIC_REPRESENTATION_CONTEXT() REPRESENTATION_CONTEXT('2D SPACE',''
  ) );
#1484 = FACE_BOUND('',#1485,.T.);
#1485 = EDGE_LOOP('',(#1486));
#1486 = ORIENTED_EDGE('',*,*,#1487,.T.);
#1487 = EDGE_CURVE('',#1488,#1488,#1490,.T.);
#1488 = VERTEX_POINT('',#1489);
#1489 = CARTESIAN_POINT('',(9.211,30.26,0.));
#1490 = SURFACE_CURVE('',#1491,(#1496,#1507),.PCURVE_S1.);
#1491 = CIRCLE('',#1492,0.381);
#1492 = AXIS2_PLACEMENT_3D('',#1493,#1494,#1495);
#1493 = CARTESIAN_POINT('',(8.83,30.26,0.));
#1494 = DIRECTION('',(0.,0.,1.));
#1495 = DIRECTION('',(1.,0.,-0.));
#1496 = PCURVE('',#144,#1497);
#1497 = DEFINITIONAL_REPRESENTATION('',(#1498),#1506);
#1498 = ( BOUNDED_CURVE() B_SPLINE_CURVE(2,(#1499,#1500,#1501,#1502,
#1503,#1504,#1505),.UNSPECIFIED.,.T.,.F.) B_SPLINE_CURVE_WITH_KNOTS((1,2
    ,2,2,2,1),(-2.094395102393,0.,2.094395102393,4.188790204786,
6.28318530718,8.377580409573),.UNSPECIFIED.) CURVE() 
GEOMETRIC_REPRESENTATION_ITEM() RATIONAL_B_SPLINE_CURVE((1.,0.5,1.,0.5,
1.,0.5,1.)) REPRESENTATION_ITEM('') );
#1499 = CARTESIAN_POINT('',(-11.191,18.445));
#1500 = CARTESIAN_POINT('',(-11.191,19.104911357684));
#1501 = CARTESIAN_POINT('',(-10.6195,18.774955678842));
#1502 = CARTESIAN_POINT('',(-10.048,18.445));
#1503 = CARTESIAN_POINT('',(-10.6195,18.115044321158));
#1504 = CARTESIAN_POINT('',(-11.191,17.785088642316));
#1505 = CARTESIAN_POINT('',(-11.191,18.445));
#1506 = ( GEOMETRIC_REPRESENTATION_CONTEXT(2) 
PARAMETRIC_REPRESENTATION_CONTEXT() REPRESENTATION_CONTEXT('2D SPACE',''
  ) );
#1507 = PCURVE('',#1508,#1513);
#1508 = CYLINDRICAL_SURFACE('',#1509,0.381);
#1509 = AXIS2_PLACEMENT_3D('',#1510,#1511,#1512);
#1510 = CARTESIAN_POINT('',(8.83,30.26,-1.E-02));
#1511 = DIRECTION('',(0.,0.,1.));
#1512 = DIRECTION('',(1.,0.,-0.));
#1513 = DEFINITIONAL_REPRESENTATION('',(#1514),#1518);
#1514 = LINE('',#1515,#1516);
#1515 = CARTESIAN_POINT('',(0.,1.E-02));
#1516 = VECTOR('',#1517,1.);
#1517 = DIRECTION('',(1.,0.));
#1518 = ( GEOMETRIC_REPRESENTATION_CONTEXT(2) 
PARAMETRIC_REPRESENTATION_CONTEXT() REPRESENTATION_CONTEXT('2D SPACE',''
  ) );
#1519 = FACE_BOUND('',#1520,.T.);
#1520 = EDGE_LOOP('',(#1521));
#1521 = ORIENTED_EDGE('',*,*,#1522,.T.);
#1522 = EDGE_CURVE('',#1523,#1523,#1525,.T.);
#1523 = VERTEX_POINT('',#1524);
#1524 = CARTESIAN_POINT('',(6.671,30.26,0.));
#1525 = SURFACE_CURVE('',#1526,(#1531,#1542),.PCURVE_S1.);
#1526 = CIRCLE('',#1527,0.381);
#1527 = AXIS2_PLACEMENT_3D('',#1528,#1529,#1530);
#1528 = CARTESIAN_POINT('',(6.29,30.26,0.));
#1529 = DIRECTION('',(0.,0.,1.));
#1530 = DIRECTION('',(1.,0.,-0.));
#1531 = PCURVE('',#144,#1532);
#1532 = DEFINITIONAL_REPRESENTATION('',(#1533),#1541);
#1533 = ( BOUNDED_CURVE() B_SPLINE_CURVE(2,(#1534,#1535,#1536,#1537,
#1538,#1539,#1540),.UNSPECIFIED.,.T.,.F.) B_SPLINE_CURVE_WITH_KNOTS((1,2
    ,2,2,2,1),(-2.094395102393,0.,2.094395102393,4.188790204786,
6.28318530718,8.377580409573),.UNSPECIFIED.) CURVE() 
GEOMETRIC_REPRESENTATION_ITEM() RATIONAL_B_SPLINE_CURVE((1.,0.5,1.,0.5,
1.,0.5,1.)) REPRESENTATION_ITEM('') );
#1534 = CARTESIAN_POINT('',(-8.651,18.445));
#1535 = CARTESIAN_POINT('',(-8.651,19.104911357684));
#1536 = CARTESIAN_POINT('',(-8.0795,18.774955678842));
#1537 = CARTESIAN_POINT('',(-7.508,18.445));
#1538 = CARTESIAN_POINT('',(-8.0795,18.115044321158));
#1539 = CARTESIAN_POINT('',(-8.651,17.785088642316));
#1540 = CARTESIAN_POINT('',(-8.651,18.445));
#1541 = ( GEOMETRIC_REPRESENTATION_CONTEXT(2) 
PARAMETRIC_REPRESENTATION_CONTEXT() REPRESENTATION_CONTEXT('2D SPACE',''
  ) );
#1542 = PCURVE('',#1543,#1548);
#1543 = CYLINDRICAL_SURFACE('',#1544,0.381);
#1544 = AXIS2_PLACEMENT_3D('',#1545,#1546,#1547);
#1545 = CARTESIAN_POINT('',(6.29,30.26,-1.E-02));
#1546 = DIRECTION('',(0.,0.,1.));
#1547 = DIRECTION('',(1.,0.,-0.));
#1548 = DEFINITIONAL_REPRESENTATION('',(#1549),#1553);
#1549 = LINE('',#1550,#1551);
#1550 = CARTESIAN_POINT('',(0.,1.E-02));
#1551 = VECTOR('',#1552,1.);
#1552 = DIRECTION('',(1.,0.));
#1553 = ( GEOMETRIC_REPRESENTATION_CONTEXT(2) 
PARAMETRIC_REPRESENTATION_CONTEXT() REPRESENTATION_CONTEXT('2D SPACE',''
  ) );
#1554 = FACE_BOUND('',#1555,.T.);
#1555 = EDGE_LOOP('',(#1556));
#1556 = ORIENTED_EDGE('',*,*,#1557,.T.);
#1557 = EDGE_CURVE('',#1558,#1558,#1560,.T.);
#1558 = VERTEX_POINT('',#1559);
#1559 = CARTESIAN_POINT('',(4.131,30.26,0.));
#1560 = SURFACE_CURVE('',#1561,(#1566,#1577),.PCURVE_S1.);
#1561 = CIRCLE('',#1562,0.381);
#1562 = AXIS2_PLACEMENT_3D('',#1563,#1564,#1565);
#1563 = CARTESIAN_POINT('',(3.75,30.26,0.));
#1564 = DIRECTION('',(0.,0.,1.));
#1565 = DIRECTION('',(1.,0.,-0.));
#1566 = PCURVE('',#144,#1567);
#1567 = DEFINITIONAL_REPRESENTATION('',(#1568),#1576);
#1568 = ( BOUNDED_CURVE() B_SPLINE_CURVE(2,(#1569,#1570,#1571,#1572,
#1573,#1574,#1575),.UNSPECIFIED.,.T.,.F.) B_SPLINE_CURVE_WITH_KNOTS((1,2
    ,2,2,2,1),(-2.094395102393,0.,2.094395102393,4.188790204786,
6.28318530718,8.377580409573),.UNSPECIFIED.) CURVE() 
GEOMETRIC_REPRESENTATION_ITEM() RATIONAL_B_SPLINE_CURVE((1.,0.5,1.,0.5,
1.,0.5,1.)) REPRESENTATION_ITEM('') );
#1569 = CARTESIAN_POINT('',(-6.111,18.445));
#1570 = CARTESIAN_POINT('',(-6.111,19.104911357684));
#1571 = CARTESIAN_POINT('',(-5.5395,18.774955678842));
#1572 = CARTESIAN_POINT('',(-4.968,18.445));
#1573 = CARTESIAN_POINT('',(-5.5395,18.115044321158));
#1574 = CARTESIAN_POINT('',(-6.111,17.785088642316));
#1575 = CARTESIAN_POINT('',(-6.111,18.445));
#1576 = ( GEOMETRIC_REPRESENTATION_CONTEXT(2) 
PARAMETRIC_REPRESENTATION_CONTEXT() REPRESENTATION_CONTEXT('2D SPACE',''
  ) );
#1577 = PCURVE('',#1578,#1583);
#1578 = CYLINDRICAL_SURFACE('',#1579,0.381);
#1579 = AXIS2_PLACEMENT_3D('',#1580,#1581,#1582);
#1580 = CARTESIAN_POINT('',(3.75,30.26,-1.E-02));
#1581 = DIRECTION('',(0.,0.,1.));
#1582 = DIRECTION('',(1.,0.,-0.));
#1583 = DEFINITIONAL_REPRESENTATION('',(#1584),#1588);
#1584 = LINE('',#1585,#1586);
#1585 = CARTESIAN_POINT('',(0.,1.E-02));
#1586 = VECTOR('',#1587,1.);
#1587 = DIRECTION('',(1.,0.));
#1588 = ( GEOMETRIC_REPRESENTATION_CONTEXT(2) 
PARAMETRIC_REPRESENTATION_CONTEXT() REPRESENTATION_CONTEXT('2D SPACE',''
  ) );
#1589 = FACE_BOUND('',#1590,.T.);
#1590 = EDGE_LOOP('',(#1591));
#1591 = ORIENTED_EDGE('',*,*,#1592,.T.);
#1592 = EDGE_CURVE('',#1593,#1593,#1595,.T.);
#1593 = VERTEX_POINT('',#1594);
#1594 = CARTESIAN_POINT('',(1.591,30.26,0.));
#1595 = SURFACE_CURVE('',#1596,(#1601,#1612),.PCURVE_S1.);
#1596 = CIRCLE('',#1597,0.381);
#1597 = AXIS2_PLACEMENT_3D('',#1598,#1599,#1600);
#1598 = CARTESIAN_POINT('',(1.21,30.26,0.));
#1599 = DIRECTION('',(0.,0.,1.));
#1600 = DIRECTION('',(1.,0.,-0.));
#1601 = PCURVE('',#144,#1602);
#1602 = DEFINITIONAL_REPRESENTATION('',(#1603),#1611);
#1603 = ( BOUNDED_CURVE() B_SPLINE_CURVE(2,(#1604,#1605,#1606,#1607,
#1608,#1609,#1610),.UNSPECIFIED.,.T.,.F.) B_SPLINE_CURVE_WITH_KNOTS((1,2
    ,2,2,2,1),(-2.094395102393,0.,2.094395102393,4.188790204786,
6.28318530718,8.377580409573),.UNSPECIFIED.) CURVE() 
GEOMETRIC_REPRESENTATION_ITEM() RATIONAL_B_SPLINE_CURVE((1.,0.5,1.,0.5,
1.,0.5,1.)) REPRESENTATION_ITEM('') );
#1604 = CARTESIAN_POINT('',(-3.571,18.445));
#1605 = CARTESIAN_POINT('',(-3.571,19.104911357684));
#1606 = CARTESIAN_POINT('',(-2.9995,18.774955678842));
#1607 = CARTESIAN_POINT('',(-2.428,18.445));
#1608 = CARTESIAN_POINT('',(-2.9995,18.115044321158));
#1609 = CARTESIAN_POINT('',(-3.571,17.785088642316));
#1610 = CARTESIAN_POINT('',(-3.571,18.445));
#1611 = ( GEOMETRIC_REPRESENTATION_CONTEXT(2) 
PARAMETRIC_REPRESENTATION_CONTEXT() REPRESENTATION_CONTEXT('2D SPACE',''
  ) );
#1612 = PCURVE('',#1613,#1618);
#1613 = CYLINDRICAL_SURFACE('',#1614,0.381);
#1614 = AXIS2_PLACEMENT_3D('',#1615,#1616,#1617);
#1615 = CARTESIAN_POINT('',(1.21,30.26,-1.E-02));
#1616 = DIRECTION('',(0.,0.,1.));
#1617 = DIRECTION('',(1.,0.,-0.));
#1618 = DEFINITIONAL_REPRESENTATION('',(#1619),#1623);
#1619 = LINE('',#1620,#1621);
#1620 = CARTESIAN_POINT('',(0.,1.E-02));
#1621 = VECTOR('',#1622,1.);
#1622 = DIRECTION('',(1.,0.));
#1623 = ( GEOMETRIC_REPRESENTATION_CONTEXT(2) 
PARAMETRIC_REPRESENTATION_CONTEXT() REPRESENTATION_CONTEXT('2D SPACE',''
  ) );
#1624 = FACE_BOUND('',#1625,.T.);
#1625 = EDGE_LOOP('',(#1626));
#1626 = ORIENTED_EDGE('',*,*,#1627,.T.);
#1627 = EDGE_CURVE('',#1628,#1628,#1630,.T.);
#1628 = VERTEX_POINT('',#1629);
#1629 = CARTESIAN_POINT('',(-0.949,30.26,0.));
#1630 = SURFACE_CURVE('',#1631,(#1636,#1647),.PCURVE_S1.);
#1631 = CIRCLE('',#1632,0.381);
#1632 = AXIS2_PLACEMENT_3D('',#1633,#1634,#1635);
#1633 = CARTESIAN_POINT('',(-1.33,30.26,0.));
#1634 = DIRECTION('',(0.,0.,1.));
#1635 = DIRECTION('',(1.,0.,-0.));
#1636 = PCURVE('',#144,#1637);
#1637 = DEFINITIONAL_REPRESENTATION('',(#1638),#1646);
#1638 = ( BOUNDED_CURVE() B_SPLINE_CURVE(2,(#1639,#1640,#1641,#1642,
#1643,#1644,#1645),.UNSPECIFIED.,.T.,.F.) B_SPLINE_CURVE_WITH_KNOTS((1,2
    ,2,2,2,1),(-2.094395102393,0.,2.094395102393,4.188790204786,
6.28318530718,8.377580409573),.UNSPECIFIED.) CURVE() 
GEOMETRIC_REPRESENTATION_ITEM() RATIONAL_B_SPLINE_CURVE((1.,0.5,1.,0.5,
1.,0.5,1.)) REPRESENTATION_ITEM('') );
#1639 = CARTESIAN_POINT('',(-1.031,18.445));
#1640 = CARTESIAN_POINT('',(-1.031,19.104911357684));
#1641 = CARTESIAN_POINT('',(-0.4595,18.774955678842));
#1642 = CARTESIAN_POINT('',(0.112,18.445));
#1643 = CARTESIAN_POINT('',(-0.4595,18.115044321158));
#1644 = CARTESIAN_POINT('',(-1.031,17.785088642316));
#1645 = CARTESIAN_POINT('',(-1.031,18.445));
#1646 = ( GEOMETRIC_REPRESENTATION_CONTEXT(2) 
PARAMETRIC_REPRESENTATION_CONTEXT() REPRESENTATION_CONTEXT('2D SPACE',''
  ) );
#1647 = PCURVE('',#1648,#1653);
#1648 = CYLINDRICAL_SURFACE('',#1649,0.381);
#1649 = AXIS2_PLACEMENT_3D('',#1650,#1651,#1652);
#1650 = CARTESIAN_POINT('',(-1.33,30.26,-1.E-02));
#1651 = DIRECTION('',(0.,0.,1.));
#1652 = DIRECTION('',(1.,0.,-0.));
#1653 = DEFINITIONAL_REPRESENTATION('',(#1654),#1658);
#1654 = LINE('',#1655,#1656);
#1655 = CARTESIAN_POINT('',(0.,1.E-02));
#1656 = VECTOR('',#1657,1.);
#1657 = DIRECTION('',(1.,0.));
#1658 = ( GEOMETRIC_REPRESENTATION_CONTEXT(2) 
PARAMETRIC_REPRESENTATION_CONTEXT() REPRESENTATION_CONTEXT('2D SPACE',''
  ) );
#1659 = FACE_BOUND('',#1660,.T.);
#1660 = EDGE_LOOP('',(#1661));
#1661 = ORIENTED_EDGE('',*,*,#1662,.T.);
#1662 = EDGE_CURVE('',#1663,#1663,#1665,.T.);
#1663 = VERTEX_POINT('',#1664);
#1664 = CARTESIAN_POINT('',(-3.489,30.26,0.));
#1665 = SURFACE_CURVE('',#1666,(#1671,#1682),.PCURVE_S1.);
#1666 = CIRCLE('',#1667,0.381);
#1667 = AXIS2_PLACEMENT_3D('',#1668,#1669,#1670);
#1668 = CARTESIAN_POINT('',(-3.87,30.26,0.));
#1669 = DIRECTION('',(0.,0.,1.));
#1670 = DIRECTION('',(1.,0.,-0.));
#1671 = PCURVE('',#144,#1672);
#1672 = DEFINITIONAL_REPRESENTATION('',(#1673),#1681);
#1673 = ( BOUNDED_CURVE() B_SPLINE_CURVE(2,(#1674,#1675,#1676,#1677,
#1678,#1679,#1680),.UNSPECIFIED.,.T.,.F.) B_SPLINE_CURVE_WITH_KNOTS((1,2
    ,2,2,2,1),(-2.094395102393,0.,2.094395102393,4.188790204786,
6.28318530718,8.377580409573),.UNSPECIFIED.) CURVE() 
GEOMETRIC_REPRESENTATION_ITEM() RATIONAL_B_SPLINE_CURVE((1.,0.5,1.,0.5,
1.,0.5,1.)) REPRESENTATION_ITEM('') );
#1674 = CARTESIAN_POINT('',(1.509,18.445));
#1675 = CARTESIAN_POINT('',(1.509,19.104911357684));
#1676 = CARTESIAN_POINT('',(2.0805,18.774955678842));
#1677 = CARTESIAN_POINT('',(2.652,18.445));
#1678 = CARTESIAN_POINT('',(2.0805,18.115044321158));
#1679 = CARTESIAN_POINT('',(1.509,17.785088642316));
#1680 = CARTESIAN_POINT('',(1.509,18.445));
#1681 = ( GEOMETRIC_REPRESENTATION_CONTEXT(2) 
PARAMETRIC_REPRESENTATION_CONTEXT() REPRESENTATION_CONTEXT('2D SPACE',''
  ) );
#1682 = PCURVE('',#1683,#1688);
#1683 = CYLINDRICAL_SURFACE('',#1684,0.381);
#1684 = AXIS2_PLACEMENT_3D('',#1685,#1686,#1687);
#1685 = CARTESIAN_POINT('',(-3.87,30.26,-1.E-02));
#1686 = DIRECTION('',(0.,0.,1.));
#1687 = DIRECTION('',(1.,0.,-0.));
#1688 = DEFINITIONAL_REPRESENTATION('',(#1689),#1693);
#1689 = LINE('',#1690,#1691);
#1690 = CARTESIAN_POINT('',(0.,1.E-02));
#1691 = VECTOR('',#1692,1.);
#1692 = DIRECTION('',(1.,0.));
#1693 = ( GEOMETRIC_REPRESENTATION_CONTEXT(2) 
PARAMETRIC_REPRESENTATION_CONTEXT() REPRESENTATION_CONTEXT('2D SPACE',''
  ) );
#1694 = FACE_BOUND('',#1695,.T.);
#1695 = EDGE_LOOP('',(#1696));
#1696 = ORIENTED_EDGE('',*,*,#1697,.T.);
#1697 = EDGE_CURVE('',#1698,#1698,#1700,.T.);
#1698 = VERTEX_POINT('',#1699);
#1699 = CARTESIAN_POINT('',(-6.029,30.26,0.));
#1700 = SURFACE_CURVE('',#1701,(#1706,#1717),.PCURVE_S1.);
#1701 = CIRCLE('',#1702,0.381);
#1702 = AXIS2_PLACEMENT_3D('',#1703,#1704,#1705);
#1703 = CARTESIAN_POINT('',(-6.41,30.26,0.));
#1704 = DIRECTION('',(0.,0.,1.));
#1705 = DIRECTION('',(1.,0.,-0.));
#1706 = PCURVE('',#144,#1707);
#1707 = DEFINITIONAL_REPRESENTATION('',(#1708),#1716);
#1708 = ( BOUNDED_CURVE() B_SPLINE_CURVE(2,(#1709,#1710,#1711,#1712,
#1713,#1714,#1715),.UNSPECIFIED.,.T.,.F.) B_SPLINE_CURVE_WITH_KNOTS((1,2
    ,2,2,2,1),(-2.094395102393,0.,2.094395102393,4.188790204786,
6.28318530718,8.377580409573),.UNSPECIFIED.) CURVE() 
GEOMETRIC_REPRESENTATION_ITEM() RATIONAL_B_SPLINE_CURVE((1.,0.5,1.,0.5,
1.,0.5,1.)) REPRESENTATION_ITEM('') );
#1709 = CARTESIAN_POINT('',(4.049,18.445));
#1710 = CARTESIAN_POINT('',(4.049,19.104911357684));
#1711 = CARTESIAN_POINT('',(4.6205,18.774955678842));
#1712 = CARTESIAN_POINT('',(5.192,18.445));
#1713 = CARTESIAN_POINT('',(4.6205,18.115044321158));
#1714 = CARTESIAN_POINT('',(4.049,17.785088642316));
#1715 = CARTESIAN_POINT('',(4.049,18.445));
#1716 = ( GEOMETRIC_REPRESENTATION_CONTEXT(2) 
PARAMETRIC_REPRESENTATION_CONTEXT() REPRESENTATION_CONTEXT('2D SPACE',''
  ) );
#1717 = PCURVE('',#1718,#1723);
#1718 = CYLINDRICAL_SURFACE('',#1719,0.381);
#1719 = AXIS2_PLACEMENT_3D('',#1720,#1721,#1722);
#1720 = CARTESIAN_POINT('',(-6.41,30.26,-1.E-02));
#1721 = DIRECTION('',(0.,0.,1.));
#1722 = DIRECTION('',(1.,0.,-0.));
#1723 = DEFINITIONAL_REPRESENTATION('',(#1724),#1728);
#1724 = LINE('',#1725,#1726);
#1725 = CARTESIAN_POINT('',(0.,1.E-02));
#1726 = VECTOR('',#1727,1.);
#1727 = DIRECTION('',(1.,0.));
#1728 = ( GEOMETRIC_REPRESENTATION_CONTEXT(2) 
PARAMETRIC_REPRESENTATION_CONTEXT() REPRESENTATION_CONTEXT('2D SPACE',''
  ) );
#1729 = FACE_BOUND('',#1730,.T.);
#1730 = EDGE_LOOP('',(#1731));
#1731 = ORIENTED_EDGE('',*,*,#1732,.T.);
#1732 = EDGE_CURVE('',#1733,#1733,#1735,.T.);
#1733 = VERTEX_POINT('',#1734);
#1734 = CARTESIAN_POINT('',(-8.569,30.26,0.));
#1735 = SURFACE_CURVE('',#1736,(#1741,#1752),.PCURVE_S1.);
#1736 = CIRCLE('',#1737,0.381);
#1737 = AXIS2_PLACEMENT_3D('',#1738,#1739,#1740);
#1738 = CARTESIAN_POINT('',(-8.95,30.26,0.));
#1739 = DIRECTION('',(0.,0.,1.));
#1740 = DIRECTION('',(1.,0.,-0.));
#1741 = PCURVE('',#144,#1742);
#1742 = DEFINITIONAL_REPRESENTATION('',(#1743),#1751);
#1743 = ( BOUNDED_CURVE() B_SPLINE_CURVE(2,(#1744,#1745,#1746,#1747,
#1748,#1749,#1750),.UNSPECIFIED.,.T.,.F.) B_SPLINE_CURVE_WITH_KNOTS((1,2
    ,2,2,2,1),(-2.094395102393,0.,2.094395102393,4.188790204786,
6.28318530718,8.377580409573),.UNSPECIFIED.) CURVE() 
GEOMETRIC_REPRESENTATION_ITEM() RATIONAL_B_SPLINE_CURVE((1.,0.5,1.,0.5,
1.,0.5,1.)) REPRESENTATION_ITEM('') );
#1744 = CARTESIAN_POINT('',(6.589,18.445));
#1745 = CARTESIAN_POINT('',(6.589,19.104911357684));
#1746 = CARTESIAN_POINT('',(7.1605,18.774955678842));
#1747 = CARTESIAN_POINT('',(7.732,18.445));
#1748 = CARTESIAN_POINT('',(7.1605,18.115044321158));
#1749 = CARTESIAN_POINT('',(6.589,17.785088642316));
#1750 = CARTESIAN_POINT('',(6.589,18.445));
#1751 = ( GEOMETRIC_REPRESENTATION_CONTEXT(2) 
PARAMETRIC_REPRESENTATION_CONTEXT() REPRESENTATION_CONTEXT('2D SPACE',''
  ) );
#1752 = PCURVE('',#1753,#1758);
#1753 = CYLINDRICAL_SURFACE('',#1754,0.381);
#1754 = AXIS2_PLACEMENT_3D('',#1755,#1756,#1757);
#1755 = CARTESIAN_POINT('',(-8.95,30.26,-1.E-02));
#1756 = DIRECTION('',(0.,0.,1.));
#1757 = DIRECTION('',(1.,0.,-0.));
#1758 = DEFINITIONAL_REPRESENTATION('',(#1759),#1763);
#1759 = LINE('',#1760,#1761);
#1760 = CARTESIAN_POINT('',(0.,1.E-02));
#1761 = VECTOR('',#1762,1.);
#1762 = DIRECTION('',(1.,0.));
#1763 = ( GEOMETRIC_REPRESENTATION_CONTEXT(2) 
PARAMETRIC_REPRESENTATION_CONTEXT() REPRESENTATION_CONTEXT('2D SPACE',''
  ) );
#1764 = FACE_BOUND('',#1765,.T.);
#1765 = EDGE_LOOP('',(#1766));
#1766 = ORIENTED_EDGE('',*,*,#1767,.T.);
#1767 = EDGE_CURVE('',#1768,#1768,#1770,.T.);
#1768 = VERTEX_POINT('',#1769);
#1769 = CARTESIAN_POINT('',(-11.109,30.26,0.));
#1770 = SURFACE_CURVE('',#1771,(#1776,#1787),.PCURVE_S1.);
#1771 = CIRCLE('',#1772,0.381);
#1772 = AXIS2_PLACEMENT_3D('',#1773,#1774,#1775);
#1773 = CARTESIAN_POINT('',(-11.49,30.26,0.));
#1774 = DIRECTION('',(0.,0.,1.));
#1775 = DIRECTION('',(1.,0.,-0.));
#1776 = PCURVE('',#144,#1777);
#1777 = DEFINITIONAL_REPRESENTATION('',(#1778),#1786);
#1778 = ( BOUNDED_CURVE() B_SPLINE_CURVE(2,(#1779,#1780,#1781,#1782,
#1783,#1784,#1785),.UNSPECIFIED.,.T.,.F.) B_SPLINE_CURVE_WITH_KNOTS((1,2
    ,2,2,2,1),(-2.094395102393,0.,2.094395102393,4.188790204786,
6.28318530718,8.377580409573),.UNSPECIFIED.) CURVE() 
GEOMETRIC_REPRESENTATION_ITEM() RATIONAL_B_SPLINE_CURVE((1.,0.5,1.,0.5,
1.,0.5,1.)) REPRESENTATION_ITEM('') );
#1779 = CARTESIAN_POINT('',(9.129,18.445));
#1780 = CARTESIAN_POINT('',(9.129,19.104911357684));
#1781 = CARTESIAN_POINT('',(9.7005,18.774955678842));
#1782 = CARTESIAN_POINT('',(10.272,18.445));
#1783 = CARTESIAN_POINT('',(9.7005,18.115044321158));
#1784 = CARTESIAN_POINT('',(9.129,17.785088642316));
#1785 = CARTESIAN_POINT('',(9.129,18.445));
#1786 = ( GEOMETRIC_REPRESENTATION_CONTEXT(2) 
PARAMETRIC_REPRESENTATION_CONTEXT() REPRESENTATION_CONTEXT('2D SPACE',''
  ) );
#1787 = PCURVE('',#1788,#1793);
#1788 = CYLINDRICAL_SURFACE('',#1789,0.381);
#1789 = AXIS2_PLACEMENT_3D('',#1790,#1791,#1792);
#1790 = CARTESIAN_POINT('',(-11.49,30.26,-1.E-02));
#1791 = DIRECTION('',(0.,0.,1.));
#1792 = DIRECTION('',(1.,0.,-0.));
#1793 = DEFINITIONAL_REPRESENTATION('',(#1794),#1798);
#1794 = LINE('',#1795,#1796);
#1795 = CARTESIAN_POINT('',(0.,1.E-02));
#1796 = VECTOR('',#1797,1.);
#1797 = DIRECTION('',(1.,0.));
#1798 = ( GEOMETRIC_REPRESENTATION_CONTEXT(2) 
PARAMETRIC_REPRESENTATION_CONTEXT() REPRESENTATION_CONTEXT('2D SPACE',''
  ) );
#1799 = FACE_BOUND('',#1800,.T.);
#1800 = EDGE_LOOP('',(#1801));
#1801 = ORIENTED_EDGE('',*,*,#1802,.T.);
#1802 = EDGE_CURVE('',#1803,#1803,#1805,.T.);
#1803 = VERTEX_POINT('',#1804);
#1804 = CARTESIAN_POINT('',(-13.649,30.26,0.));
#1805 = SURFACE_CURVE('',#1806,(#1811,#1822),.PCURVE_S1.);
#1806 = CIRCLE('',#1807,0.381);
#1807 = AXIS2_PLACEMENT_3D('',#1808,#1809,#1810);
#1808 = CARTESIAN_POINT('',(-14.03,30.26,0.));
#1809 = DIRECTION('',(0.,0.,1.));
#1810 = DIRECTION('',(1.,0.,-0.));
#1811 = PCURVE('',#144,#1812);
#1812 = DEFINITIONAL_REPRESENTATION('',(#1813),#1821);
#1813 = ( BOUNDED_CURVE() B_SPLINE_CURVE(2,(#1814,#1815,#1816,#1817,
#1818,#1819,#1820),.UNSPECIFIED.,.T.,.F.) B_SPLINE_CURVE_WITH_KNOTS((1,2
    ,2,2,2,1),(-2.094395102393,0.,2.094395102393,4.188790204786,
6.28318530718,8.377580409573),.UNSPECIFIED.) CURVE() 
GEOMETRIC_REPRESENTATION_ITEM() RATIONAL_B_SPLINE_CURVE((1.,0.5,1.,0.5,
1.,0.5,1.)) REPRESENTATION_ITEM('') );
#1814 = CARTESIAN_POINT('',(11.669,18.445));
#1815 = CARTESIAN_POINT('',(11.669,19.104911357684));
#1816 = CARTESIAN_POINT('',(12.2405,18.774955678842));
#1817 = CARTESIAN_POINT('',(12.812,18.445));
#1818 = CARTESIAN_POINT('',(12.2405,18.115044321158));
#1819 = CARTESIAN_POINT('',(11.669,17.785088642316));
#1820 = CARTESIAN_POINT('',(11.669,18.445));
#1821 = ( GEOMETRIC_REPRESENTATION_CONTEXT(2) 
PARAMETRIC_REPRESENTATION_CONTEXT() REPRESENTATION_CONTEXT('2D SPACE',''
  ) );
#1822 = PCURVE('',#1823,#1828);
#1823 = CYLINDRICAL_SURFACE('',#1824,0.381);
#1824 = AXIS2_PLACEMENT_3D('',#1825,#1826,#1827);
#1825 = CARTESIAN_POINT('',(-14.03,30.26,-1.E-02));
#1826 = DIRECTION('',(0.,0.,1.));
#1827 = DIRECTION('',(1.,0.,-0.));
#1828 = DEFINITIONAL_REPRESENTATION('',(#1829),#1833);
#1829 = LINE('',#1830,#1831);
#1830 = CARTESIAN_POINT('',(0.,1.E-02));
#1831 = VECTOR('',#1832,1.);
#1832 = DIRECTION('',(1.,0.));
#1833 = ( GEOMETRIC_REPRESENTATION_CONTEXT(2) 
PARAMETRIC_REPRESENTATION_CONTEXT() REPRESENTATION_CONTEXT('2D SPACE',''
  ) );
#1834 = FACE_BOUND('',#1835,.T.);
#1835 = EDGE_LOOP('',(#1836));
#1836 = ORIENTED_EDGE('',*,*,#1837,.T.);
#1837 = EDGE_CURVE('',#1838,#1838,#1840,.T.);
#1838 = VERTEX_POINT('',#1839);
#1839 = CARTESIAN_POINT('',(-16.189,30.26,0.));
#1840 = SURFACE_CURVE('',#1841,(#1846,#1857),.PCURVE_S1.);
#1841 = CIRCLE('',#1842,0.381);
#1842 = AXIS2_PLACEMENT_3D('',#1843,#1844,#1845);
#1843 = CARTESIAN_POINT('',(-16.57,30.26,0.));
#1844 = DIRECTION('',(0.,0.,1.));
#1845 = DIRECTION('',(1.,0.,-0.));
#1846 = PCURVE('',#144,#1847);
#1847 = DEFINITIONAL_REPRESENTATION('',(#1848),#1856);
#1848 = ( BOUNDED_CURVE() B_SPLINE_CURVE(2,(#1849,#1850,#1851,#1852,
#1853,#1854,#1855),.UNSPECIFIED.,.T.,.F.) B_SPLINE_CURVE_WITH_KNOTS((1,2
    ,2,2,2,1),(-2.094395102393,0.,2.094395102393,4.188790204786,
6.28318530718,8.377580409573),.UNSPECIFIED.) CURVE() 
GEOMETRIC_REPRESENTATION_ITEM() RATIONAL_B_SPLINE_CURVE((1.,0.5,1.,0.5,
1.,0.5,1.)) REPRESENTATION_ITEM('') );
#1849 = CARTESIAN_POINT('',(14.209,18.445));
#1850 = CARTESIAN_POINT('',(14.209,19.104911357684));
#1851 = CARTESIAN_POINT('',(14.7805,18.774955678842));
#1852 = CARTESIAN_POINT('',(15.352,18.445));
#1853 = CARTESIAN_POINT('',(14.7805,18.115044321158));
#1854 = CARTESIAN_POINT('',(14.209,17.785088642316));
#1855 = CARTESIAN_POINT('',(14.209,18.445));
#1856 = ( GEOMETRIC_REPRESENTATION_CONTEXT(2) 
PARAMETRIC_REPRESENTATION_CONTEXT() REPRESENTATION_CONTEXT('2D SPACE',''
  ) );
#1857 = PCURVE('',#1858,#1863);
#1858 = CYLINDRICAL_SURFACE('',#1859,0.381);
#1859 = AXIS2_PLACEMENT_3D('',#1860,#1861,#1862);
#1860 = CARTESIAN_POINT('',(-16.57,30.26,-1.E-02));
#1861 = DIRECTION('',(0.,0.,1.));
#1862 = DIRECTION('',(1.,0.,-0.));
#1863 = DEFINITIONAL_REPRESENTATION('',(#1864),#1868);
#1864 = LINE('',#1865,#1866);
#1865 = CARTESIAN_POINT('',(0.,1.E-02));
#1866 = VECTOR('',#1867,1.);
#1867 = DIRECTION('',(1.,0.));
#1868 = ( GEOMETRIC_REPRESENTATION_CONTEXT(2) 
PARAMETRIC_REPRESENTATION_CONTEXT() REPRESENTATION_CONTEXT('2D SPACE',''
  ) );
#1869 = FACE_BOUND('',#1870,.T.);
#1870 = EDGE_LOOP('',(#1871));
#1871 = ORIENTED_EDGE('',*,*,#1872,.T.);
#1872 = EDGE_CURVE('',#1873,#1873,#1875,.T.);
#1873 = VERTEX_POINT('',#1874);
#1874 = CARTESIAN_POINT('',(-18.729,30.26,0.));
#1875 = SURFACE_CURVE('',#1876,(#1881,#1892),.PCURVE_S1.);
#1876 = CIRCLE('',#1877,0.381);
#1877 = AXIS2_PLACEMENT_3D('',#1878,#1879,#1880);
#1878 = CARTESIAN_POINT('',(-19.11,30.26,0.));
#1879 = DIRECTION('',(0.,0.,1.));
#1880 = DIRECTION('',(1.,0.,-0.));
#1881 = PCURVE('',#144,#1882);
#1882 = DEFINITIONAL_REPRESENTATION('',(#1883),#1891);
#1883 = ( BOUNDED_CURVE() B_SPLINE_CURVE(2,(#1884,#1885,#1886,#1887,
#1888,#1889,#1890),.UNSPECIFIED.,.T.,.F.) B_SPLINE_CURVE_WITH_KNOTS((1,2
    ,2,2,2,1),(-2.094395102393,0.,2.094395102393,4.188790204786,
6.28318530718,8.377580409573),.UNSPECIFIED.) CURVE() 
GEOMETRIC_REPRESENTATION_ITEM() RATIONAL_B_SPLINE_CURVE((1.,0.5,1.,0.5,
1.,0.5,1.)) REPRESENTATION_ITEM('') );
#1884 = CARTESIAN_POINT('',(16.749,18.445));
#1885 = CARTESIAN_POINT('',(16.749,19.104911357684));
#1886 = CARTESIAN_POINT('',(17.3205,18.774955678842));
#1887 = CARTESIAN_POINT('',(17.892,18.445));
#1888 = CARTESIAN_POINT('',(17.3205,18.115044321158));
#1889 = CARTESIAN_POINT('',(16.749,17.785088642316));
#1890 = CARTESIAN_POINT('',(16.749,18.445));
#1891 = ( GEOMETRIC_REPRESENTATION_CONTEXT(2) 
PARAMETRIC_REPRESENTATION_CONTEXT() REPRESENTATION_CONTEXT('2D SPACE',''
  ) );
#1892 = PCURVE('',#1893,#1898);
#1893 = CYLINDRICAL_SURFACE('',#1894,0.381);
#1894 = AXIS2_PLACEMENT_3D('',#1895,#1896,#1897);
#1895 = CARTESIAN_POINT('',(-19.11,30.26,-1.E-02));
#1896 = DIRECTION('',(0.,0.,1.));
#1897 = DIRECTION('',(1.,0.,-0.));
#1898 = DEFINITIONAL_REPRESENTATION('',(#1899),#1903);
#1899 = LINE('',#1900,#1901);
#1900 = CARTESIAN_POINT('',(0.,1.E-02));
#1901 = VECTOR('',#1902,1.);
#1902 = DIRECTION('',(1.,0.));
#1903 = ( GEOMETRIC_REPRESENTATION_CONTEXT(2) 
PARAMETRIC_REPRESENTATION_CONTEXT() REPRESENTATION_CONTEXT('2D SPACE',''
  ) );
#1904 = FACE_BOUND('',#1905,.T.);
#1905 = EDGE_LOOP('',(#1906));
#1906 = ORIENTED_EDGE('',*,*,#1907,.T.);
#1907 = EDGE_CURVE('',#1908,#1908,#1910,.T.);
#1908 = VERTEX_POINT('',#1909);
#1909 = CARTESIAN_POINT('',(-21.269,30.26,0.));
#1910 = SURFACE_CURVE('',#1911,(#1916,#1927),.PCURVE_S1.);
#1911 = CIRCLE('',#1912,0.381);
#1912 = AXIS2_PLACEMENT_3D('',#1913,#1914,#1915);
#1913 = CARTESIAN_POINT('',(-21.65,30.26,0.));
#1914 = DIRECTION('',(0.,0.,1.));
#1915 = DIRECTION('',(1.,0.,-0.));
#1916 = PCURVE('',#144,#1917);
#1917 = DEFINITIONAL_REPRESENTATION('',(#1918),#1926);
#1918 = ( BOUNDED_CURVE() B_SPLINE_CURVE(2,(#1919,#1920,#1921,#1922,
#1923,#1924,#1925),.UNSPECIFIED.,.T.,.F.) B_SPLINE_CURVE_WITH_KNOTS((1,2
    ,2,2,2,1),(-2.094395102393,0.,2.094395102393,4.188790204786,
6.28318530718,8.377580409573),.UNSPECIFIED.) CURVE() 
GEOMETRIC_REPRESENTATION_ITEM() RATIONAL_B_SPLINE_CURVE((1.,0.5,1.,0.5,
1.,0.5,1.)) REPRESENTATION_ITEM('') );
#1919 = CARTESIAN_POINT('',(19.289,18.445));
#1920 = CARTESIAN_POINT('',(19.289,19.104911357684));
#1921 = CARTESIAN_POINT('',(19.8605,18.774955678842));
#1922 = CARTESIAN_POINT('',(20.432,18.445));
#1923 = CARTESIAN_POINT('',(19.8605,18.115044321158));
#1924 = CARTESIAN_POINT('',(19.289,17.785088642316));
#1925 = CARTESIAN_POINT('',(19.289,18.445));
#1926 = ( GEOMETRIC_REPRESENTATION_CONTEXT(2) 
PARAMETRIC_REPRESENTATION_CONTEXT() REPRESENTATION_CONTEXT('2D SPACE',''
  ) );
#1927 = PCURVE('',#1928,#1933);
#1928 = CYLINDRICAL_SURFACE('',#1929,0.381);
#1929 = AXIS2_PLACEMENT_3D('',#1930,#1931,#1932);
#1930 = CARTESIAN_POINT('',(-21.65,30.26,-1.E-02));
#1931 = DIRECTION('',(0.,0.,1.));
#1932 = DIRECTION('',(1.,0.,-0.));
#1933 = DEFINITIONAL_REPRESENTATION('',(#1934),#1938);
#1934 = LINE('',#1935,#1936);
#1935 = CARTESIAN_POINT('',(0.,1.E-02));
#1936 = VECTOR('',#1937,1.);
#1937 = DIRECTION('',(1.,0.));
#1938 = ( GEOMETRIC_REPRESENTATION_CONTEXT(2) 
PARAMETRIC_REPRESENTATION_CONTEXT() REPRESENTATION_CONTEXT('2D SPACE',''
  ) );
#1939 = FACE_BOUND('',#1940,.T.);
#1940 = EDGE_LOOP('',(#1941));
#1941 = ORIENTED_EDGE('',*,*,#1942,.T.);
#1942 = EDGE_CURVE('',#1943,#1943,#1945,.T.);
#1943 = VERTEX_POINT('',#1944);
#1944 = CARTESIAN_POINT('',(-24.07,29.27,0.));
#1945 = SURFACE_CURVE('',#1946,(#1951,#1962),.PCURVE_S1.);
#1946 = CIRCLE('',#1947,1.613103);
#1947 = AXIS2_PLACEMENT_3D('',#1948,#1949,#1950);
#1948 = CARTESIAN_POINT('',(-25.683103,29.27,0.));
#1949 = DIRECTION('',(0.,0.,1.));
#1950 = DIRECTION('',(1.,0.,-0.));
#1951 = PCURVE('',#144,#1952);
#1952 = DEFINITIONAL_REPRESENTATION('',(#1953),#1961);
#1953 = ( BOUNDED_CURVE() B_SPLINE_CURVE(2,(#1954,#1955,#1956,#1957,
#1958,#1959,#1960),.UNSPECIFIED.,.T.,.F.) B_SPLINE_CURVE_WITH_KNOTS((1,2
    ,2,2,2,1),(-2.094395102393,0.,2.094395102393,4.188790204786,
6.28318530718,8.377580409573),.UNSPECIFIED.) CURVE() 
GEOMETRIC_REPRESENTATION_ITEM() RATIONAL_B_SPLINE_CURVE((1.,0.5,1.,0.5,
1.,0.5,1.)) REPRESENTATION_ITEM('') );
#1954 = CARTESIAN_POINT('',(22.09,17.455));
#1955 = CARTESIAN_POINT('',(22.09,20.248976353842));
#1956 = CARTESIAN_POINT('',(24.5096545,18.851988176921));
#1957 = CARTESIAN_POINT('',(26.929309,17.455));
#1958 = CARTESIAN_POINT('',(24.5096545,16.058011823079));
#1959 = CARTESIAN_POINT('',(22.09,14.661023646158));
#1960 = CARTESIAN_POINT('',(22.09,17.455));
#1961 = ( GEOMETRIC_REPRESENTATION_CONTEXT(2) 
PARAMETRIC_REPRESENTATION_CONTEXT() REPRESENTATION_CONTEXT('2D SPACE',''
  ) );
#1962 = PCURVE('',#1963,#1968);
#1963 = CYLINDRICAL_SURFACE('',#1964,1.613103);
#1964 = AXIS2_PLACEMENT_3D('',#1965,#1966,#1967);
#1965 = CARTESIAN_POINT('',(-25.683103,29.27,0.));
#1966 = DIRECTION('',(0.,0.,1.));
#1967 = DIRECTION('',(1.,0.,-0.));
#1968 = DEFINITIONAL_REPRESENTATION('',(#1969),#1973);
#1969 = LINE('',#1970,#1971);
#1970 = CARTESIAN_POINT('',(0.,0.));
#1971 = VECTOR('',#1972,1.);
#1972 = DIRECTION('',(1.,0.));
#1973 = ( GEOMETRIC_REPRESENTATION_CONTEXT(2) 
PARAMETRIC_REPRESENTATION_CONTEXT() REPRESENTATION_CONTEXT('2D SPACE',''
  ) );
#1974 = ADVANCED_FACE('',(#1975,#2001,#2031,#2061,#2091,#2121,#2151,
    #2181,#2211,#2241,#2271,#2301,#2331,#2361,#2391,#2421,#2451,#2481,
    #2511,#2541,#2571,#2601,#2631,#2661,#2691,#2721,#2751,#2781,#2811,
    #2841,#2871,#2901,#2931,#2961,#2991,#3021,#3051,#3081,#3111,#3141,
    #3171,#3201,#3231,#3261,#3291,#3321,#3351,#3381),#90,.F.);
#1975 = FACE_BOUND('',#1976,.F.);
#1976 = EDGE_LOOP('',(#1977,#1978,#1979,#2000));
#1977 = ORIENTED_EDGE('',*,*,#74,.T.);
#1978 = ORIENTED_EDGE('',*,*,#236,.T.);
#1979 = ORIENTED_EDGE('',*,*,#1980,.T.);
#1980 = EDGE_CURVE('',#237,#162,#1981,.T.);
#1981 = SURFACE_CURVE('',#1982,(#1986,#1993),.PCURVE_S1.);
#1982 = LINE('',#1983,#1984);
#1983 = CARTESIAN_POINT('',(-31.16,35.15,1.6));
#1984 = VECTOR('',#1985,1.);
#1985 = DIRECTION('',(1.,0.,0.));
#1986 = PCURVE('',#90,#1987);
#1987 = DEFINITIONAL_REPRESENTATION('',(#1988),#1992);
#1988 = LINE('',#1989,#1990);
#1989 = CARTESIAN_POINT('',(29.18,23.335));
#1990 = VECTOR('',#1991,1.);
#1991 = DIRECTION('',(-1.,0.));
#1992 = ( GEOMETRIC_REPRESENTATION_CONTEXT(2) 
PARAMETRIC_REPRESENTATION_CONTEXT() REPRESENTATION_CONTEXT('2D SPACE',''
  ) );
#1993 = PCURVE('',#177,#1994);
#1994 = DEFINITIONAL_REPRESENTATION('',(#1995),#1999);
#1995 = LINE('',#1996,#1997);
#1996 = CARTESIAN_POINT('',(0.,-1.6));
#1997 = VECTOR('',#1998,1.);
#1998 = DIRECTION('',(1.,0.));
#1999 = ( GEOMETRIC_REPRESENTATION_CONTEXT(2) 
PARAMETRIC_REPRESENTATION_CONTEXT() REPRESENTATION_CONTEXT('2D SPACE',''
  ) );
#2000 = ORIENTED_EDGE('',*,*,#189,.T.);
#2001 = FACE_BOUND('',#2002,.F.);
#2002 = EDGE_LOOP('',(#2003));
#2003 = ORIENTED_EDGE('',*,*,#2004,.T.);
#2004 = EDGE_CURVE('',#2005,#2005,#2007,.T.);
#2005 = VERTEX_POINT('',#2006);
#2006 = CARTESIAN_POINT('',(23.12,-6.41,1.6));
#2007 = SURFACE_CURVE('',#2008,(#2013,#2024),.PCURVE_S1.);
#2008 = CIRCLE('',#2009,0.5);
#2009 = AXIS2_PLACEMENT_3D('',#2010,#2011,#2012);
#2010 = CARTESIAN_POINT('',(22.62,-6.41,1.6));
#2011 = DIRECTION('',(0.,0.,1.));
#2012 = DIRECTION('',(1.,0.,-0.));
#2013 = PCURVE('',#90,#2014);
#2014 = DEFINITIONAL_REPRESENTATION('',(#2015),#2023);
#2015 = ( BOUNDED_CURVE() B_SPLINE_CURVE(2,(#2016,#2017,#2018,#2019,
#2020,#2021,#2022),.UNSPECIFIED.,.T.,.F.) B_SPLINE_CURVE_WITH_KNOTS((1,2
    ,2,2,2,1),(-2.094395102393,0.,2.094395102393,4.188790204786,
6.28318530718,8.377580409573),.UNSPECIFIED.) CURVE() 
GEOMETRIC_REPRESENTATION_ITEM() RATIONAL_B_SPLINE_CURVE((1.,0.5,1.,0.5,
1.,0.5,1.)) REPRESENTATION_ITEM('') );
#2016 = CARTESIAN_POINT('',(-25.1,-18.225));
#2017 = CARTESIAN_POINT('',(-25.1,-17.35897459621));
#2018 = CARTESIAN_POINT('',(-24.35,-17.7919872981));
#2019 = CARTESIAN_POINT('',(-23.6,-18.225));
#2020 = CARTESIAN_POINT('',(-24.35,-18.65801270189));
#2021 = CARTESIAN_POINT('',(-25.1,-19.09102540378));
#2022 = CARTESIAN_POINT('',(-25.1,-18.225));
#2023 = ( GEOMETRIC_REPRESENTATION_CONTEXT(2) 
PARAMETRIC_REPRESENTATION_CONTEXT() REPRESENTATION_CONTEXT('2D SPACE',''
  ) );
#2024 = PCURVE('',#353,#2025);
#2025 = DEFINITIONAL_REPRESENTATION('',(#2026),#2030);
#2026 = LINE('',#2027,#2028);
#2027 = CARTESIAN_POINT('',(0.,1.61));
#2028 = VECTOR('',#2029,1.);
#2029 = DIRECTION('',(1.,0.));
#2030 = ( GEOMETRIC_REPRESENTATION_CONTEXT(2) 
PARAMETRIC_REPRESENTATION_CONTEXT() REPRESENTATION_CONTEXT('2D SPACE',''
  ) );
#2031 = FACE_BOUND('',#2032,.F.);
#2032 = EDGE_LOOP('',(#2033));
#2033 = ORIENTED_EDGE('',*,*,#2034,.T.);
#2034 = EDGE_CURVE('',#2035,#2035,#2037,.T.);
#2035 = VERTEX_POINT('',#2036);
#2036 = CARTESIAN_POINT('',(23.12,-3.87,1.6));
#2037 = SURFACE_CURVE('',#2038,(#2043,#2054),.PCURVE_S1.);
#2038 = CIRCLE('',#2039,0.5);
#2039 = AXIS2_PLACEMENT_3D('',#2040,#2041,#2042);
#2040 = CARTESIAN_POINT('',(22.62,-3.87,1.6));
#2041 = DIRECTION('',(0.,0.,1.));
#2042 = DIRECTION('',(1.,0.,-0.));
#2043 = PCURVE('',#90,#2044);
#2044 = DEFINITIONAL_REPRESENTATION('',(#2045),#2053);
#2045 = ( BOUNDED_CURVE() B_SPLINE_CURVE(2,(#2046,#2047,#2048,#2049,
#2050,#2051,#2052),.UNSPECIFIED.,.T.,.F.) B_SPLINE_CURVE_WITH_KNOTS((1,2
    ,2,2,2,1),(-2.094395102393,0.,2.094395102393,4.188790204786,
6.28318530718,8.377580409573),.UNSPECIFIED.) CURVE() 
GEOMETRIC_REPRESENTATION_ITEM() RATIONAL_B_SPLINE_CURVE((1.,0.5,1.,0.5,
1.,0.5,1.)) REPRESENTATION_ITEM('') );
#2046 = CARTESIAN_POINT('',(-25.1,-15.685));
#2047 = CARTESIAN_POINT('',(-25.1,-14.81897459621));
#2048 = CARTESIAN_POINT('',(-24.35,-15.2519872981));
#2049 = CARTESIAN_POINT('',(-23.6,-15.685));
#2050 = CARTESIAN_POINT('',(-24.35,-16.11801270189));
#2051 = CARTESIAN_POINT('',(-25.1,-16.55102540378));
#2052 = CARTESIAN_POINT('',(-25.1,-15.685));
#2053 = ( GEOMETRIC_REPRESENTATION_CONTEXT(2) 
PARAMETRIC_REPRESENTATION_CONTEXT() REPRESENTATION_CONTEXT('2D SPACE',''
  ) );
#2054 = PCURVE('',#388,#2055);
#2055 = DEFINITIONAL_REPRESENTATION('',(#2056),#2060);
#2056 = LINE('',#2057,#2058);
#2057 = CARTESIAN_POINT('',(0.,1.61));
#2058 = VECTOR('',#2059,1.);
#2059 = DIRECTION('',(1.,0.));
#2060 = ( GEOMETRIC_REPRESENTATION_CONTEXT(2) 
PARAMETRIC_REPRESENTATION_CONTEXT() REPRESENTATION_CONTEXT('2D SPACE',''
  ) );
#2061 = FACE_BOUND('',#2062,.F.);
#2062 = EDGE_LOOP('',(#2063));
#2063 = ORIENTED_EDGE('',*,*,#2064,.T.);
#2064 = EDGE_CURVE('',#2065,#2065,#2067,.T.);
#2065 = VERTEX_POINT('',#2066);
#2066 = CARTESIAN_POINT('',(23.12,-1.33,1.6));
#2067 = SURFACE_CURVE('',#2068,(#2073,#2084),.PCURVE_S1.);
#2068 = CIRCLE('',#2069,0.5);
#2069 = AXIS2_PLACEMENT_3D('',#2070,#2071,#2072);
#2070 = CARTESIAN_POINT('',(22.62,-1.33,1.6));
#2071 = DIRECTION('',(0.,0.,1.));
#2072 = DIRECTION('',(1.,0.,-0.));
#2073 = PCURVE('',#90,#2074);
#2074 = DEFINITIONAL_REPRESENTATION('',(#2075),#2083);
#2075 = ( BOUNDED_CURVE() B_SPLINE_CURVE(2,(#2076,#2077,#2078,#2079,
#2080,#2081,#2082),.UNSPECIFIED.,.T.,.F.) B_SPLINE_CURVE_WITH_KNOTS((1,2
    ,2,2,2,1),(-2.094395102393,0.,2.094395102393,4.188790204786,
6.28318530718,8.377580409573),.UNSPECIFIED.) CURVE() 
GEOMETRIC_REPRESENTATION_ITEM() RATIONAL_B_SPLINE_CURVE((1.,0.5,1.,0.5,
1.,0.5,1.)) REPRESENTATION_ITEM('') );
#2076 = CARTESIAN_POINT('',(-25.1,-13.145));
#2077 = CARTESIAN_POINT('',(-25.1,-12.27897459621));
#2078 = CARTESIAN_POINT('',(-24.35,-12.7119872981));
#2079 = CARTESIAN_POINT('',(-23.6,-13.145));
#2080 = CARTESIAN_POINT('',(-24.35,-13.57801270189));
#2081 = CARTESIAN_POINT('',(-25.1,-14.01102540378));
#2082 = CARTESIAN_POINT('',(-25.1,-13.145));
#2083 = ( GEOMETRIC_REPRESENTATION_CONTEXT(2) 
PARAMETRIC_REPRESENTATION_CONTEXT() REPRESENTATION_CONTEXT('2D SPACE',''
  ) );
#2084 = PCURVE('',#423,#2085);
#2085 = DEFINITIONAL_REPRESENTATION('',(#2086),#2090);
#2086 = LINE('',#2087,#2088);
#2087 = CARTESIAN_POINT('',(0.,1.61));
#2088 = VECTOR('',#2089,1.);
#2089 = DIRECTION('',(1.,0.));
#2090 = ( GEOMETRIC_REPRESENTATION_CONTEXT(2) 
PARAMETRIC_REPRESENTATION_CONTEXT() REPRESENTATION_CONTEXT('2D SPACE',''
  ) );
#2091 = FACE_BOUND('',#2092,.F.);
#2092 = EDGE_LOOP('',(#2093));
#2093 = ORIENTED_EDGE('',*,*,#2094,.T.);
#2094 = EDGE_CURVE('',#2095,#2095,#2097,.T.);
#2095 = VERTEX_POINT('',#2096);
#2096 = CARTESIAN_POINT('',(23.12,1.21,1.6));
#2097 = SURFACE_CURVE('',#2098,(#2103,#2114),.PCURVE_S1.);
#2098 = CIRCLE('',#2099,0.5);
#2099 = AXIS2_PLACEMENT_3D('',#2100,#2101,#2102);
#2100 = CARTESIAN_POINT('',(22.62,1.21,1.6));
#2101 = DIRECTION('',(0.,0.,1.));
#2102 = DIRECTION('',(1.,0.,-0.));
#2103 = PCURVE('',#90,#2104);
#2104 = DEFINITIONAL_REPRESENTATION('',(#2105),#2113);
#2105 = ( BOUNDED_CURVE() B_SPLINE_CURVE(2,(#2106,#2107,#2108,#2109,
#2110,#2111,#2112),.UNSPECIFIED.,.T.,.F.) B_SPLINE_CURVE_WITH_KNOTS((1,2
    ,2,2,2,1),(-2.094395102393,0.,2.094395102393,4.188790204786,
6.28318530718,8.377580409573),.UNSPECIFIED.) CURVE() 
GEOMETRIC_REPRESENTATION_ITEM() RATIONAL_B_SPLINE_CURVE((1.,0.5,1.,0.5,
1.,0.5,1.)) REPRESENTATION_ITEM('') );
#2106 = CARTESIAN_POINT('',(-25.1,-10.605));
#2107 = CARTESIAN_POINT('',(-25.1,-9.738974596216));
#2108 = CARTESIAN_POINT('',(-24.35,-10.1719872981));
#2109 = CARTESIAN_POINT('',(-23.6,-10.605));
#2110 = CARTESIAN_POINT('',(-24.35,-11.03801270189));
#2111 = CARTESIAN_POINT('',(-25.1,-11.47102540378));
#2112 = CARTESIAN_POINT('',(-25.1,-10.605));
#2113 = ( GEOMETRIC_REPRESENTATION_CONTEXT(2) 
PARAMETRIC_REPRESENTATION_CONTEXT() REPRESENTATION_CONTEXT('2D SPACE',''
  ) );
#2114 = PCURVE('',#458,#2115);
#2115 = DEFINITIONAL_REPRESENTATION('',(#2116),#2120);
#2116 = LINE('',#2117,#2118);
#2117 = CARTESIAN_POINT('',(0.,1.61));
#2118 = VECTOR('',#2119,1.);
#2119 = DIRECTION('',(1.,0.));
#2120 = ( GEOMETRIC_REPRESENTATION_CONTEXT(2) 
PARAMETRIC_REPRESENTATION_CONTEXT() REPRESENTATION_CONTEXT('2D SPACE',''
  ) );
#2121 = FACE_BOUND('',#2122,.F.);
#2122 = EDGE_LOOP('',(#2123));
#2123 = ORIENTED_EDGE('',*,*,#2124,.T.);
#2124 = EDGE_CURVE('',#2125,#2125,#2127,.T.);
#2125 = VERTEX_POINT('',#2126);
#2126 = CARTESIAN_POINT('',(17.555,-1.13,1.6));
#2127 = SURFACE_CURVE('',#2128,(#2133,#2144),.PCURVE_S1.);
#2128 = CIRCLE('',#2129,0.5);
#2129 = AXIS2_PLACEMENT_3D('',#2130,#2131,#2132);
#2130 = CARTESIAN_POINT('',(17.055,-1.13,1.6));
#2131 = DIRECTION('',(0.,0.,1.));
#2132 = DIRECTION('',(1.,0.,-0.));
#2133 = PCURVE('',#90,#2134);
#2134 = DEFINITIONAL_REPRESENTATION('',(#2135),#2143);
#2135 = ( BOUNDED_CURVE() B_SPLINE_CURVE(2,(#2136,#2137,#2138,#2139,
#2140,#2141,#2142),.UNSPECIFIED.,.T.,.F.) B_SPLINE_CURVE_WITH_KNOTS((1,2
    ,2,2,2,1),(-2.094395102393,0.,2.094395102393,4.188790204786,
6.28318530718,8.377580409573),.UNSPECIFIED.) CURVE() 
GEOMETRIC_REPRESENTATION_ITEM() RATIONAL_B_SPLINE_CURVE((1.,0.5,1.,0.5,
1.,0.5,1.)) REPRESENTATION_ITEM('') );
#2136 = CARTESIAN_POINT('',(-19.535,-12.945));
#2137 = CARTESIAN_POINT('',(-19.535,-12.07897459621));
#2138 = CARTESIAN_POINT('',(-18.785,-12.5119872981));
#2139 = CARTESIAN_POINT('',(-18.035,-12.945));
#2140 = CARTESIAN_POINT('',(-18.785,-13.37801270189));
#2141 = CARTESIAN_POINT('',(-19.535,-13.81102540378));
#2142 = CARTESIAN_POINT('',(-19.535,-12.945));
#2143 = ( GEOMETRIC_REPRESENTATION_CONTEXT(2) 
PARAMETRIC_REPRESENTATION_CONTEXT() REPRESENTATION_CONTEXT('2D SPACE',''
  ) );
#2144 = PCURVE('',#493,#2145);
#2145 = DEFINITIONAL_REPRESENTATION('',(#2146),#2150);
#2146 = LINE('',#2147,#2148);
#2147 = CARTESIAN_POINT('',(0.,1.61));
#2148 = VECTOR('',#2149,1.);
#2149 = DIRECTION('',(1.,0.));
#2150 = ( GEOMETRIC_REPRESENTATION_CONTEXT(2) 
PARAMETRIC_REPRESENTATION_CONTEXT() REPRESENTATION_CONTEXT('2D SPACE',''
  ) );
#2151 = FACE_BOUND('',#2152,.F.);
#2152 = EDGE_LOOP('',(#2153));
#2153 = ORIENTED_EDGE('',*,*,#2154,.T.);
#2154 = EDGE_CURVE('',#2155,#2155,#2157,.T.);
#2155 = VERTEX_POINT('',#2156);
#2156 = CARTESIAN_POINT('',(15.015,-1.13,1.6));
#2157 = SURFACE_CURVE('',#2158,(#2163,#2174),.PCURVE_S1.);
#2158 = CIRCLE('',#2159,0.5);
#2159 = AXIS2_PLACEMENT_3D('',#2160,#2161,#2162);
#2160 = CARTESIAN_POINT('',(14.515,-1.13,1.6));
#2161 = DIRECTION('',(0.,0.,1.));
#2162 = DIRECTION('',(1.,0.,-0.));
#2163 = PCURVE('',#90,#2164);
#2164 = DEFINITIONAL_REPRESENTATION('',(#2165),#2173);
#2165 = ( BOUNDED_CURVE() B_SPLINE_CURVE(2,(#2166,#2167,#2168,#2169,
#2170,#2171,#2172),.UNSPECIFIED.,.T.,.F.) B_SPLINE_CURVE_WITH_KNOTS((1,2
    ,2,2,2,1),(-2.094395102393,0.,2.094395102393,4.188790204786,
6.28318530718,8.377580409573),.UNSPECIFIED.) CURVE() 
GEOMETRIC_REPRESENTATION_ITEM() RATIONAL_B_SPLINE_CURVE((1.,0.5,1.,0.5,
1.,0.5,1.)) REPRESENTATION_ITEM('') );
#2166 = CARTESIAN_POINT('',(-16.995,-12.945));
#2167 = CARTESIAN_POINT('',(-16.995,-12.07897459621));
#2168 = CARTESIAN_POINT('',(-16.245,-12.5119872981));
#2169 = CARTESIAN_POINT('',(-15.495,-12.945));
#2170 = CARTESIAN_POINT('',(-16.245,-13.37801270189));
#2171 = CARTESIAN_POINT('',(-16.995,-13.81102540378));
#2172 = CARTESIAN_POINT('',(-16.995,-12.945));
#2173 = ( GEOMETRIC_REPRESENTATION_CONTEXT(2) 
PARAMETRIC_REPRESENTATION_CONTEXT() REPRESENTATION_CONTEXT('2D SPACE',''
  ) );
#2174 = PCURVE('',#528,#2175);
#2175 = DEFINITIONAL_REPRESENTATION('',(#2176),#2180);
#2176 = LINE('',#2177,#2178);
#2177 = CARTESIAN_POINT('',(0.,1.61));
#2178 = VECTOR('',#2179,1.);
#2179 = DIRECTION('',(1.,0.));
#2180 = ( GEOMETRIC_REPRESENTATION_CONTEXT(2) 
PARAMETRIC_REPRESENTATION_CONTEXT() REPRESENTATION_CONTEXT('2D SPACE',''
  ) );
#2181 = FACE_BOUND('',#2182,.F.);
#2182 = EDGE_LOOP('',(#2183));
#2183 = ORIENTED_EDGE('',*,*,#2184,.T.);
#2184 = EDGE_CURVE('',#2185,#2185,#2187,.T.);
#2185 = VERTEX_POINT('',#2186);
#2186 = CARTESIAN_POINT('',(12.475,-1.13,1.6));
#2187 = SURFACE_CURVE('',#2188,(#2193,#2204),.PCURVE_S1.);
#2188 = CIRCLE('',#2189,0.5);
#2189 = AXIS2_PLACEMENT_3D('',#2190,#2191,#2192);
#2190 = CARTESIAN_POINT('',(11.975,-1.13,1.6));
#2191 = DIRECTION('',(0.,0.,1.));
#2192 = DIRECTION('',(1.,0.,-0.));
#2193 = PCURVE('',#90,#2194);
#2194 = DEFINITIONAL_REPRESENTATION('',(#2195),#2203);
#2195 = ( BOUNDED_CURVE() B_SPLINE_CURVE(2,(#2196,#2197,#2198,#2199,
#2200,#2201,#2202),.UNSPECIFIED.,.T.,.F.) B_SPLINE_CURVE_WITH_KNOTS((1,2
    ,2,2,2,1),(-2.094395102393,0.,2.094395102393,4.188790204786,
6.28318530718,8.377580409573),.UNSPECIFIED.) CURVE() 
GEOMETRIC_REPRESENTATION_ITEM() RATIONAL_B_SPLINE_CURVE((1.,0.5,1.,0.5,
1.,0.5,1.)) REPRESENTATION_ITEM('') );
#2196 = CARTESIAN_POINT('',(-14.455,-12.945));
#2197 = CARTESIAN_POINT('',(-14.455,-12.07897459621));
#2198 = CARTESIAN_POINT('',(-13.705,-12.5119872981));
#2199 = CARTESIAN_POINT('',(-12.955,-12.945));
#2200 = CARTESIAN_POINT('',(-13.705,-13.37801270189));
#2201 = CARTESIAN_POINT('',(-14.455,-13.81102540378));
#2202 = CARTESIAN_POINT('',(-14.455,-12.945));
#2203 = ( GEOMETRIC_REPRESENTATION_CONTEXT(2) 
PARAMETRIC_REPRESENTATION_CONTEXT() REPRESENTATION_CONTEXT('2D SPACE',''
  ) );
#2204 = PCURVE('',#563,#2205);
#2205 = DEFINITIONAL_REPRESENTATION('',(#2206),#2210);
#2206 = LINE('',#2207,#2208);
#2207 = CARTESIAN_POINT('',(0.,1.61));
#2208 = VECTOR('',#2209,1.);
#2209 = DIRECTION('',(1.,0.));
#2210 = ( GEOMETRIC_REPRESENTATION_CONTEXT(2) 
PARAMETRIC_REPRESENTATION_CONTEXT() REPRESENTATION_CONTEXT('2D SPACE',''
  ) );
#2211 = FACE_BOUND('',#2212,.F.);
#2212 = EDGE_LOOP('',(#2213));
#2213 = ORIENTED_EDGE('',*,*,#2214,.T.);
#2214 = EDGE_CURVE('',#2215,#2215,#2217,.T.);
#2215 = VERTEX_POINT('',#2216);
#2216 = CARTESIAN_POINT('',(9.935,-1.13,1.6));
#2217 = SURFACE_CURVE('',#2218,(#2223,#2234),.PCURVE_S1.);
#2218 = CIRCLE('',#2219,0.5);
#2219 = AXIS2_PLACEMENT_3D('',#2220,#2221,#2222);
#2220 = CARTESIAN_POINT('',(9.435,-1.13,1.6));
#2221 = DIRECTION('',(0.,0.,1.));
#2222 = DIRECTION('',(1.,0.,-0.));
#2223 = PCURVE('',#90,#2224);
#2224 = DEFINITIONAL_REPRESENTATION('',(#2225),#2233);
#2225 = ( BOUNDED_CURVE() B_SPLINE_CURVE(2,(#2226,#2227,#2228,#2229,
#2230,#2231,#2232),.UNSPECIFIED.,.T.,.F.) B_SPLINE_CURVE_WITH_KNOTS((1,2
    ,2,2,2,1),(-2.094395102393,0.,2.094395102393,4.188790204786,
6.28318530718,8.377580409573),.UNSPECIFIED.) CURVE() 
GEOMETRIC_REPRESENTATION_ITEM() RATIONAL_B_SPLINE_CURVE((1.,0.5,1.,0.5,
1.,0.5,1.)) REPRESENTATION_ITEM('') );
#2226 = CARTESIAN_POINT('',(-11.915,-12.945));
#2227 = CARTESIAN_POINT('',(-11.915,-12.07897459621));
#2228 = CARTESIAN_POINT('',(-11.165,-12.5119872981));
#2229 = CARTESIAN_POINT('',(-10.415,-12.945));
#2230 = CARTESIAN_POINT('',(-11.165,-13.37801270189));
#2231 = CARTESIAN_POINT('',(-11.915,-13.81102540378));
#2232 = CARTESIAN_POINT('',(-11.915,-12.945));
#2233 = ( GEOMETRIC_REPRESENTATION_CONTEXT(2) 
PARAMETRIC_REPRESENTATION_CONTEXT() REPRESENTATION_CONTEXT('2D SPACE',''
  ) );
#2234 = PCURVE('',#598,#2235);
#2235 = DEFINITIONAL_REPRESENTATION('',(#2236),#2240);
#2236 = LINE('',#2237,#2238);
#2237 = CARTESIAN_POINT('',(0.,1.61));
#2238 = VECTOR('',#2239,1.);
#2239 = DIRECTION('',(1.,0.));
#2240 = ( GEOMETRIC_REPRESENTATION_CONTEXT(2) 
PARAMETRIC_REPRESENTATION_CONTEXT() REPRESENTATION_CONTEXT('2D SPACE',''
  ) );
#2241 = FACE_BOUND('',#2242,.F.);
#2242 = EDGE_LOOP('',(#2243));
#2243 = ORIENTED_EDGE('',*,*,#2244,.T.);
#2244 = EDGE_CURVE('',#2245,#2245,#2247,.T.);
#2245 = VERTEX_POINT('',#2246);
#2246 = CARTESIAN_POINT('',(7.395,-1.13,1.6));
#2247 = SURFACE_CURVE('',#2248,(#2253,#2264),.PCURVE_S1.);
#2248 = CIRCLE('',#2249,0.5);
#2249 = AXIS2_PLACEMENT_3D('',#2250,#2251,#2252);
#2250 = CARTESIAN_POINT('',(6.895,-1.13,1.6));
#2251 = DIRECTION('',(0.,0.,1.));
#2252 = DIRECTION('',(1.,0.,-0.));
#2253 = PCURVE('',#90,#2254);
#2254 = DEFINITIONAL_REPRESENTATION('',(#2255),#2263);
#2255 = ( BOUNDED_CURVE() B_SPLINE_CURVE(2,(#2256,#2257,#2258,#2259,
#2260,#2261,#2262),.UNSPECIFIED.,.T.,.F.) B_SPLINE_CURVE_WITH_KNOTS((1,2
    ,2,2,2,1),(-2.094395102393,0.,2.094395102393,4.188790204786,
6.28318530718,8.377580409573),.UNSPECIFIED.) CURVE() 
GEOMETRIC_REPRESENTATION_ITEM() RATIONAL_B_SPLINE_CURVE((1.,0.5,1.,0.5,
1.,0.5,1.)) REPRESENTATION_ITEM('') );
#2256 = CARTESIAN_POINT('',(-9.375,-12.945));
#2257 = CARTESIAN_POINT('',(-9.375,-12.07897459621));
#2258 = CARTESIAN_POINT('',(-8.625,-12.5119872981));
#2259 = CARTESIAN_POINT('',(-7.875,-12.945));
#2260 = CARTESIAN_POINT('',(-8.625,-13.37801270189));
#2261 = CARTESIAN_POINT('',(-9.375,-13.81102540378));
#2262 = CARTESIAN_POINT('',(-9.375,-12.945));
#2263 = ( GEOMETRIC_REPRESENTATION_CONTEXT(2) 
PARAMETRIC_REPRESENTATION_CONTEXT() REPRESENTATION_CONTEXT('2D SPACE',''
  ) );
#2264 = PCURVE('',#633,#2265);
#2265 = DEFINITIONAL_REPRESENTATION('',(#2266),#2270);
#2266 = LINE('',#2267,#2268);
#2267 = CARTESIAN_POINT('',(0.,1.61));
#2268 = VECTOR('',#2269,1.);
#2269 = DIRECTION('',(1.,0.));
#2270 = ( GEOMETRIC_REPRESENTATION_CONTEXT(2) 
PARAMETRIC_REPRESENTATION_CONTEXT() REPRESENTATION_CONTEXT('2D SPACE',''
  ) );
#2271 = FACE_BOUND('',#2272,.F.);
#2272 = EDGE_LOOP('',(#2273));
#2273 = ORIENTED_EDGE('',*,*,#2274,.T.);
#2274 = EDGE_CURVE('',#2275,#2275,#2277,.T.);
#2275 = VERTEX_POINT('',#2276);
#2276 = CARTESIAN_POINT('',(23.423103,5.846897,1.6));
#2277 = SURFACE_CURVE('',#2278,(#2283,#2294),.PCURVE_S1.);
#2278 = CIRCLE('',#2279,1.613103);
#2279 = AXIS2_PLACEMENT_3D('',#2280,#2281,#2282);
#2280 = CARTESIAN_POINT('',(21.81,5.846897,1.6));
#2281 = DIRECTION('',(0.,0.,1.));
#2282 = DIRECTION('',(1.,0.,-0.));
#2283 = PCURVE('',#90,#2284);
#2284 = DEFINITIONAL_REPRESENTATION('',(#2285),#2293);
#2285 = ( BOUNDED_CURVE() B_SPLINE_CURVE(2,(#2286,#2287,#2288,#2289,
#2290,#2291,#2292),.UNSPECIFIED.,.T.,.F.) B_SPLINE_CURVE_WITH_KNOTS((1,2
    ,2,2,2,1),(-2.094395102393,0.,2.094395102393,4.188790204786,
6.28318530718,8.377580409573),.UNSPECIFIED.) CURVE() 
GEOMETRIC_REPRESENTATION_ITEM() RATIONAL_B_SPLINE_CURVE((1.,0.5,1.,0.5,
1.,0.5,1.)) REPRESENTATION_ITEM('') );
#2286 = CARTESIAN_POINT('',(-25.403103,-5.968103));
#2287 = CARTESIAN_POINT('',(-25.403103,-3.174126646158));
#2288 = CARTESIAN_POINT('',(-22.9834485,-4.571114823079));
#2289 = CARTESIAN_POINT('',(-20.563794,-5.968103));
#2290 = CARTESIAN_POINT('',(-22.9834485,-7.365091176921));
#2291 = CARTESIAN_POINT('',(-25.403103,-8.762079353842));
#2292 = CARTESIAN_POINT('',(-25.403103,-5.968103));
#2293 = ( GEOMETRIC_REPRESENTATION_CONTEXT(2) 
PARAMETRIC_REPRESENTATION_CONTEXT() REPRESENTATION_CONTEXT('2D SPACE',''
  ) );
#2294 = PCURVE('',#668,#2295);
#2295 = DEFINITIONAL_REPRESENTATION('',(#2296),#2300);
#2296 = LINE('',#2297,#2298);
#2297 = CARTESIAN_POINT('',(0.,1.6));
#2298 = VECTOR('',#2299,1.);
#2299 = DIRECTION('',(1.,0.));
#2300 = ( GEOMETRIC_REPRESENTATION_CONTEXT(2) 
PARAMETRIC_REPRESENTATION_CONTEXT() REPRESENTATION_CONTEXT('2D SPACE',''
  ) );
#2301 = FACE_BOUND('',#2302,.F.);
#2302 = EDGE_LOOP('',(#2303));
#2303 = ORIENTED_EDGE('',*,*,#2304,.T.);
#2304 = EDGE_CURVE('',#2305,#2305,#2307,.T.);
#2305 = VERTEX_POINT('',#2306);
#2306 = CARTESIAN_POINT('',(14.291,4.86,1.6));
#2307 = SURFACE_CURVE('',#2308,(#2313,#2324),.PCURVE_S1.);
#2308 = CIRCLE('',#2309,0.381);
#2309 = AXIS2_PLACEMENT_3D('',#2310,#2311,#2312);
#2310 = CARTESIAN_POINT('',(13.91,4.86,1.6));
#2311 = DIRECTION('',(0.,0.,1.));
#2312 = DIRECTION('',(1.,0.,-0.));
#2313 = PCURVE('',#90,#2314);
#2314 = DEFINITIONAL_REPRESENTATION('',(#2315),#2323);
#2315 = ( BOUNDED_CURVE() B_SPLINE_CURVE(2,(#2316,#2317,#2318,#2319,
#2320,#2321,#2322),.UNSPECIFIED.,.T.,.F.) B_SPLINE_CURVE_WITH_KNOTS((1,2
    ,2,2,2,1),(-2.094395102393,0.,2.094395102393,4.188790204786,
6.28318530718,8.377580409573),.UNSPECIFIED.) CURVE() 
GEOMETRIC_REPRESENTATION_ITEM() RATIONAL_B_SPLINE_CURVE((1.,0.5,1.,0.5,
1.,0.5,1.)) REPRESENTATION_ITEM('') );
#2316 = CARTESIAN_POINT('',(-16.271,-6.955));
#2317 = CARTESIAN_POINT('',(-16.271,-6.295088642316));
#2318 = CARTESIAN_POINT('',(-15.6995,-6.625044321158));
#2319 = CARTESIAN_POINT('',(-15.128,-6.955));
#2320 = CARTESIAN_POINT('',(-15.6995,-7.284955678842));
#2321 = CARTESIAN_POINT('',(-16.271,-7.614911357684));
#2322 = CARTESIAN_POINT('',(-16.271,-6.955));
#2323 = ( GEOMETRIC_REPRESENTATION_CONTEXT(2) 
PARAMETRIC_REPRESENTATION_CONTEXT() REPRESENTATION_CONTEXT('2D SPACE',''
  ) );
#2324 = PCURVE('',#703,#2325);
#2325 = DEFINITIONAL_REPRESENTATION('',(#2326),#2330);
#2326 = LINE('',#2327,#2328);
#2327 = CARTESIAN_POINT('',(0.,1.61));
#2328 = VECTOR('',#2329,1.);
#2329 = DIRECTION('',(1.,0.));
#2330 = ( GEOMETRIC_REPRESENTATION_CONTEXT(2) 
PARAMETRIC_REPRESENTATION_CONTEXT() REPRESENTATION_CONTEXT('2D SPACE',''
  ) );
#2331 = FACE_BOUND('',#2332,.F.);
#2332 = EDGE_LOOP('',(#2333));
#2333 = ORIENTED_EDGE('',*,*,#2334,.T.);
#2334 = EDGE_CURVE('',#2335,#2335,#2337,.T.);
#2335 = VERTEX_POINT('',#2336);
#2336 = CARTESIAN_POINT('',(11.751,4.86,1.6));
#2337 = SURFACE_CURVE('',#2338,(#2343,#2354),.PCURVE_S1.);
#2338 = CIRCLE('',#2339,0.381);
#2339 = AXIS2_PLACEMENT_3D('',#2340,#2341,#2342);
#2340 = CARTESIAN_POINT('',(11.37,4.86,1.6));
#2341 = DIRECTION('',(0.,0.,1.));
#2342 = DIRECTION('',(1.,0.,-0.));
#2343 = PCURVE('',#90,#2344);
#2344 = DEFINITIONAL_REPRESENTATION('',(#2345),#2353);
#2345 = ( BOUNDED_CURVE() B_SPLINE_CURVE(2,(#2346,#2347,#2348,#2349,
#2350,#2351,#2352),.UNSPECIFIED.,.T.,.F.) B_SPLINE_CURVE_WITH_KNOTS((1,2
    ,2,2,2,1),(-2.094395102393,0.,2.094395102393,4.188790204786,
6.28318530718,8.377580409573),.UNSPECIFIED.) CURVE() 
GEOMETRIC_REPRESENTATION_ITEM() RATIONAL_B_SPLINE_CURVE((1.,0.5,1.,0.5,
1.,0.5,1.)) REPRESENTATION_ITEM('') );
#2346 = CARTESIAN_POINT('',(-13.731,-6.955));
#2347 = CARTESIAN_POINT('',(-13.731,-6.295088642316));
#2348 = CARTESIAN_POINT('',(-13.1595,-6.625044321158));
#2349 = CARTESIAN_POINT('',(-12.588,-6.955));
#2350 = CARTESIAN_POINT('',(-13.1595,-7.284955678842));
#2351 = CARTESIAN_POINT('',(-13.731,-7.614911357684));
#2352 = CARTESIAN_POINT('',(-13.731,-6.955));
#2353 = ( GEOMETRIC_REPRESENTATION_CONTEXT(2) 
PARAMETRIC_REPRESENTATION_CONTEXT() REPRESENTATION_CONTEXT('2D SPACE',''
  ) );
#2354 = PCURVE('',#738,#2355);
#2355 = DEFINITIONAL_REPRESENTATION('',(#2356),#2360);
#2356 = LINE('',#2357,#2358);
#2357 = CARTESIAN_POINT('',(0.,1.61));
#2358 = VECTOR('',#2359,1.);
#2359 = DIRECTION('',(1.,0.));
#2360 = ( GEOMETRIC_REPRESENTATION_CONTEXT(2) 
PARAMETRIC_REPRESENTATION_CONTEXT() REPRESENTATION_CONTEXT('2D SPACE',''
  ) );
#2361 = FACE_BOUND('',#2362,.F.);
#2362 = EDGE_LOOP('',(#2363));
#2363 = ORIENTED_EDGE('',*,*,#2364,.T.);
#2364 = EDGE_CURVE('',#2365,#2365,#2367,.T.);
#2365 = VERTEX_POINT('',#2366);
#2366 = CARTESIAN_POINT('',(9.211,4.86,1.6));
#2367 = SURFACE_CURVE('',#2368,(#2373,#2384),.PCURVE_S1.);
#2368 = CIRCLE('',#2369,0.381);
#2369 = AXIS2_PLACEMENT_3D('',#2370,#2371,#2372);
#2370 = CARTESIAN_POINT('',(8.83,4.86,1.6));
#2371 = DIRECTION('',(0.,0.,1.));
#2372 = DIRECTION('',(1.,0.,-0.));
#2373 = PCURVE('',#90,#2374);
#2374 = DEFINITIONAL_REPRESENTATION('',(#2375),#2383);
#2375 = ( BOUNDED_CURVE() B_SPLINE_CURVE(2,(#2376,#2377,#2378,#2379,
#2380,#2381,#2382),.UNSPECIFIED.,.T.,.F.) B_SPLINE_CURVE_WITH_KNOTS((1,2
    ,2,2,2,1),(-2.094395102393,0.,2.094395102393,4.188790204786,
6.28318530718,8.377580409573),.UNSPECIFIED.) CURVE() 
GEOMETRIC_REPRESENTATION_ITEM() RATIONAL_B_SPLINE_CURVE((1.,0.5,1.,0.5,
1.,0.5,1.)) REPRESENTATION_ITEM('') );
#2376 = CARTESIAN_POINT('',(-11.191,-6.955));
#2377 = CARTESIAN_POINT('',(-11.191,-6.295088642316));
#2378 = CARTESIAN_POINT('',(-10.6195,-6.625044321158));
#2379 = CARTESIAN_POINT('',(-10.048,-6.955));
#2380 = CARTESIAN_POINT('',(-10.6195,-7.284955678842));
#2381 = CARTESIAN_POINT('',(-11.191,-7.614911357684));
#2382 = CARTESIAN_POINT('',(-11.191,-6.955));
#2383 = ( GEOMETRIC_REPRESENTATION_CONTEXT(2) 
PARAMETRIC_REPRESENTATION_CONTEXT() REPRESENTATION_CONTEXT('2D SPACE',''
  ) );
#2384 = PCURVE('',#773,#2385);
#2385 = DEFINITIONAL_REPRESENTATION('',(#2386),#2390);
#2386 = LINE('',#2387,#2388);
#2387 = CARTESIAN_POINT('',(0.,1.61));
#2388 = VECTOR('',#2389,1.);
#2389 = DIRECTION('',(1.,0.));
#2390 = ( GEOMETRIC_REPRESENTATION_CONTEXT(2) 
PARAMETRIC_REPRESENTATION_CONTEXT() REPRESENTATION_CONTEXT('2D SPACE',''
  ) );
#2391 = FACE_BOUND('',#2392,.F.);
#2392 = EDGE_LOOP('',(#2393));
#2393 = ORIENTED_EDGE('',*,*,#2394,.T.);
#2394 = EDGE_CURVE('',#2395,#2395,#2397,.T.);
#2395 = VERTEX_POINT('',#2396);
#2396 = CARTESIAN_POINT('',(6.671,4.86,1.6));
#2397 = SURFACE_CURVE('',#2398,(#2403,#2414),.PCURVE_S1.);
#2398 = CIRCLE('',#2399,0.381);
#2399 = AXIS2_PLACEMENT_3D('',#2400,#2401,#2402);
#2400 = CARTESIAN_POINT('',(6.29,4.86,1.6));
#2401 = DIRECTION('',(0.,0.,1.));
#2402 = DIRECTION('',(1.,0.,-0.));
#2403 = PCURVE('',#90,#2404);
#2404 = DEFINITIONAL_REPRESENTATION('',(#2405),#2413);
#2405 = ( BOUNDED_CURVE() B_SPLINE_CURVE(2,(#2406,#2407,#2408,#2409,
#2410,#2411,#2412),.UNSPECIFIED.,.T.,.F.) B_SPLINE_CURVE_WITH_KNOTS((1,2
    ,2,2,2,1),(-2.094395102393,0.,2.094395102393,4.188790204786,
6.28318530718,8.377580409573),.UNSPECIFIED.) CURVE() 
GEOMETRIC_REPRESENTATION_ITEM() RATIONAL_B_SPLINE_CURVE((1.,0.5,1.,0.5,
1.,0.5,1.)) REPRESENTATION_ITEM('') );
#2406 = CARTESIAN_POINT('',(-8.651,-6.955));
#2407 = CARTESIAN_POINT('',(-8.651,-6.295088642316));
#2408 = CARTESIAN_POINT('',(-8.0795,-6.625044321158));
#2409 = CARTESIAN_POINT('',(-7.508,-6.955));
#2410 = CARTESIAN_POINT('',(-8.0795,-7.284955678842));
#2411 = CARTESIAN_POINT('',(-8.651,-7.614911357684));
#2412 = CARTESIAN_POINT('',(-8.651,-6.955));
#2413 = ( GEOMETRIC_REPRESENTATION_CONTEXT(2) 
PARAMETRIC_REPRESENTATION_CONTEXT() REPRESENTATION_CONTEXT('2D SPACE',''
  ) );
#2414 = PCURVE('',#808,#2415);
#2415 = DEFINITIONAL_REPRESENTATION('',(#2416),#2420);
#2416 = LINE('',#2417,#2418);
#2417 = CARTESIAN_POINT('',(0.,1.61));
#2418 = VECTOR('',#2419,1.);
#2419 = DIRECTION('',(1.,0.));
#2420 = ( GEOMETRIC_REPRESENTATION_CONTEXT(2) 
PARAMETRIC_REPRESENTATION_CONTEXT() REPRESENTATION_CONTEXT('2D SPACE',''
  ) );
#2421 = FACE_BOUND('',#2422,.F.);
#2422 = EDGE_LOOP('',(#2423));
#2423 = ORIENTED_EDGE('',*,*,#2424,.T.);
#2424 = EDGE_CURVE('',#2425,#2425,#2427,.T.);
#2425 = VERTEX_POINT('',#2426);
#2426 = CARTESIAN_POINT('',(4.131,4.86,1.6));
#2427 = SURFACE_CURVE('',#2428,(#2433,#2444),.PCURVE_S1.);
#2428 = CIRCLE('',#2429,0.381);
#2429 = AXIS2_PLACEMENT_3D('',#2430,#2431,#2432);
#2430 = CARTESIAN_POINT('',(3.75,4.86,1.6));
#2431 = DIRECTION('',(0.,0.,1.));
#2432 = DIRECTION('',(1.,0.,-0.));
#2433 = PCURVE('',#90,#2434);
#2434 = DEFINITIONAL_REPRESENTATION('',(#2435),#2443);
#2435 = ( BOUNDED_CURVE() B_SPLINE_CURVE(2,(#2436,#2437,#2438,#2439,
#2440,#2441,#2442),.UNSPECIFIED.,.T.,.F.) B_SPLINE_CURVE_WITH_KNOTS((1,2
    ,2,2,2,1),(-2.094395102393,0.,2.094395102393,4.188790204786,
6.28318530718,8.377580409573),.UNSPECIFIED.) CURVE() 
GEOMETRIC_REPRESENTATION_ITEM() RATIONAL_B_SPLINE_CURVE((1.,0.5,1.,0.5,
1.,0.5,1.)) REPRESENTATION_ITEM('') );
#2436 = CARTESIAN_POINT('',(-6.111,-6.955));
#2437 = CARTESIAN_POINT('',(-6.111,-6.295088642316));
#2438 = CARTESIAN_POINT('',(-5.5395,-6.625044321158));
#2439 = CARTESIAN_POINT('',(-4.968,-6.955));
#2440 = CARTESIAN_POINT('',(-5.5395,-7.284955678842));
#2441 = CARTESIAN_POINT('',(-6.111,-7.614911357684));
#2442 = CARTESIAN_POINT('',(-6.111,-6.955));
#2443 = ( GEOMETRIC_REPRESENTATION_CONTEXT(2) 
PARAMETRIC_REPRESENTATION_CONTEXT() REPRESENTATION_CONTEXT('2D SPACE',''
  ) );
#2444 = PCURVE('',#843,#2445);
#2445 = DEFINITIONAL_REPRESENTATION('',(#2446),#2450);
#2446 = LINE('',#2447,#2448);
#2447 = CARTESIAN_POINT('',(0.,1.61));
#2448 = VECTOR('',#2449,1.);
#2449 = DIRECTION('',(1.,0.));
#2450 = ( GEOMETRIC_REPRESENTATION_CONTEXT(2) 
PARAMETRIC_REPRESENTATION_CONTEXT() REPRESENTATION_CONTEXT('2D SPACE',''
  ) );
#2451 = FACE_BOUND('',#2452,.F.);
#2452 = EDGE_LOOP('',(#2453));
#2453 = ORIENTED_EDGE('',*,*,#2454,.T.);
#2454 = EDGE_CURVE('',#2455,#2455,#2457,.T.);
#2455 = VERTEX_POINT('',#2456);
#2456 = CARTESIAN_POINT('',(1.591,4.86,1.6));
#2457 = SURFACE_CURVE('',#2458,(#2463,#2474),.PCURVE_S1.);
#2458 = CIRCLE('',#2459,0.381);
#2459 = AXIS2_PLACEMENT_3D('',#2460,#2461,#2462);
#2460 = CARTESIAN_POINT('',(1.21,4.86,1.6));
#2461 = DIRECTION('',(0.,0.,1.));
#2462 = DIRECTION('',(1.,0.,-0.));
#2463 = PCURVE('',#90,#2464);
#2464 = DEFINITIONAL_REPRESENTATION('',(#2465),#2473);
#2465 = ( BOUNDED_CURVE() B_SPLINE_CURVE(2,(#2466,#2467,#2468,#2469,
#2470,#2471,#2472),.UNSPECIFIED.,.T.,.F.) B_SPLINE_CURVE_WITH_KNOTS((1,2
    ,2,2,2,1),(-2.094395102393,0.,2.094395102393,4.188790204786,
6.28318530718,8.377580409573),.UNSPECIFIED.) CURVE() 
GEOMETRIC_REPRESENTATION_ITEM() RATIONAL_B_SPLINE_CURVE((1.,0.5,1.,0.5,
1.,0.5,1.)) REPRESENTATION_ITEM('') );
#2466 = CARTESIAN_POINT('',(-3.571,-6.955));
#2467 = CARTESIAN_POINT('',(-3.571,-6.295088642316));
#2468 = CARTESIAN_POINT('',(-2.9995,-6.625044321158));
#2469 = CARTESIAN_POINT('',(-2.428,-6.955));
#2470 = CARTESIAN_POINT('',(-2.9995,-7.284955678842));
#2471 = CARTESIAN_POINT('',(-3.571,-7.614911357684));
#2472 = CARTESIAN_POINT('',(-3.571,-6.955));
#2473 = ( GEOMETRIC_REPRESENTATION_CONTEXT(2) 
PARAMETRIC_REPRESENTATION_CONTEXT() REPRESENTATION_CONTEXT('2D SPACE',''
  ) );
#2474 = PCURVE('',#878,#2475);
#2475 = DEFINITIONAL_REPRESENTATION('',(#2476),#2480);
#2476 = LINE('',#2477,#2478);
#2477 = CARTESIAN_POINT('',(0.,1.61));
#2478 = VECTOR('',#2479,1.);
#2479 = DIRECTION('',(1.,0.));
#2480 = ( GEOMETRIC_REPRESENTATION_CONTEXT(2) 
PARAMETRIC_REPRESENTATION_CONTEXT() REPRESENTATION_CONTEXT('2D SPACE',''
  ) );
#2481 = FACE_BOUND('',#2482,.F.);
#2482 = EDGE_LOOP('',(#2483));
#2483 = ORIENTED_EDGE('',*,*,#2484,.T.);
#2484 = EDGE_CURVE('',#2485,#2485,#2487,.T.);
#2485 = VERTEX_POINT('',#2486);
#2486 = CARTESIAN_POINT('',(-0.949,4.86,1.6));
#2487 = SURFACE_CURVE('',#2488,(#2493,#2504),.PCURVE_S1.);
#2488 = CIRCLE('',#2489,0.381);
#2489 = AXIS2_PLACEMENT_3D('',#2490,#2491,#2492);
#2490 = CARTESIAN_POINT('',(-1.33,4.86,1.6));
#2491 = DIRECTION('',(0.,0.,1.));
#2492 = DIRECTION('',(1.,0.,-0.));
#2493 = PCURVE('',#90,#2494);
#2494 = DEFINITIONAL_REPRESENTATION('',(#2495),#2503);
#2495 = ( BOUNDED_CURVE() B_SPLINE_CURVE(2,(#2496,#2497,#2498,#2499,
#2500,#2501,#2502),.UNSPECIFIED.,.T.,.F.) B_SPLINE_CURVE_WITH_KNOTS((1,2
    ,2,2,2,1),(-2.094395102393,0.,2.094395102393,4.188790204786,
6.28318530718,8.377580409573),.UNSPECIFIED.) CURVE() 
GEOMETRIC_REPRESENTATION_ITEM() RATIONAL_B_SPLINE_CURVE((1.,0.5,1.,0.5,
1.,0.5,1.)) REPRESENTATION_ITEM('') );
#2496 = CARTESIAN_POINT('',(-1.031,-6.955));
#2497 = CARTESIAN_POINT('',(-1.031,-6.295088642316));
#2498 = CARTESIAN_POINT('',(-0.4595,-6.625044321158));
#2499 = CARTESIAN_POINT('',(0.112,-6.955));
#2500 = CARTESIAN_POINT('',(-0.4595,-7.284955678842));
#2501 = CARTESIAN_POINT('',(-1.031,-7.614911357684));
#2502 = CARTESIAN_POINT('',(-1.031,-6.955));
#2503 = ( GEOMETRIC_REPRESENTATION_CONTEXT(2) 
PARAMETRIC_REPRESENTATION_CONTEXT() REPRESENTATION_CONTEXT('2D SPACE',''
  ) );
#2504 = PCURVE('',#913,#2505);
#2505 = DEFINITIONAL_REPRESENTATION('',(#2506),#2510);
#2506 = LINE('',#2507,#2508);
#2507 = CARTESIAN_POINT('',(0.,1.61));
#2508 = VECTOR('',#2509,1.);
#2509 = DIRECTION('',(1.,0.));
#2510 = ( GEOMETRIC_REPRESENTATION_CONTEXT(2) 
PARAMETRIC_REPRESENTATION_CONTEXT() REPRESENTATION_CONTEXT('2D SPACE',''
  ) );
#2511 = FACE_BOUND('',#2512,.F.);
#2512 = EDGE_LOOP('',(#2513));
#2513 = ORIENTED_EDGE('',*,*,#2514,.T.);
#2514 = EDGE_CURVE('',#2515,#2515,#2517,.T.);
#2515 = VERTEX_POINT('',#2516);
#2516 = CARTESIAN_POINT('',(-21.365,-6.58,1.6));
#2517 = SURFACE_CURVE('',#2518,(#2523,#2534),.PCURVE_S1.);
#2518 = CIRCLE('',#2519,0.4);
#2519 = AXIS2_PLACEMENT_3D('',#2520,#2521,#2522);
#2520 = CARTESIAN_POINT('',(-21.765,-6.58,1.6));
#2521 = DIRECTION('',(0.,0.,1.));
#2522 = DIRECTION('',(1.,0.,-0.));
#2523 = PCURVE('',#90,#2524);
#2524 = DEFINITIONAL_REPRESENTATION('',(#2525),#2533);
#2525 = ( BOUNDED_CURVE() B_SPLINE_CURVE(2,(#2526,#2527,#2528,#2529,
#2530,#2531,#2532),.UNSPECIFIED.,.T.,.F.) B_SPLINE_CURVE_WITH_KNOTS((1,2
    ,2,2,2,1),(-2.094395102393,0.,2.094395102393,4.188790204786,
6.28318530718,8.377580409573),.UNSPECIFIED.) CURVE() 
GEOMETRIC_REPRESENTATION_ITEM() RATIONAL_B_SPLINE_CURVE((1.,0.5,1.,0.5,
1.,0.5,1.)) REPRESENTATION_ITEM('') );
#2526 = CARTESIAN_POINT('',(19.385,-18.395));
#2527 = CARTESIAN_POINT('',(19.385,-17.70217967697));
#2528 = CARTESIAN_POINT('',(19.985,-18.04858983848));
#2529 = CARTESIAN_POINT('',(20.585,-18.395));
#2530 = CARTESIAN_POINT('',(19.985,-18.74141016151));
#2531 = CARTESIAN_POINT('',(19.385,-19.08782032302));
#2532 = CARTESIAN_POINT('',(19.385,-18.395));
#2533 = ( GEOMETRIC_REPRESENTATION_CONTEXT(2) 
PARAMETRIC_REPRESENTATION_CONTEXT() REPRESENTATION_CONTEXT('2D SPACE',''
  ) );
#2534 = PCURVE('',#948,#2535);
#2535 = DEFINITIONAL_REPRESENTATION('',(#2536),#2540);
#2536 = LINE('',#2537,#2538);
#2537 = CARTESIAN_POINT('',(0.,1.61));
#2538 = VECTOR('',#2539,1.);
#2539 = DIRECTION('',(1.,0.));
#2540 = ( GEOMETRIC_REPRESENTATION_CONTEXT(2) 
PARAMETRIC_REPRESENTATION_CONTEXT() REPRESENTATION_CONTEXT('2D SPACE',''
  ) );
#2541 = FACE_BOUND('',#2542,.F.);
#2542 = EDGE_LOOP('',(#2543));
#2543 = ORIENTED_EDGE('',*,*,#2544,.T.);
#2544 = EDGE_CURVE('',#2545,#2545,#2547,.T.);
#2545 = VERTEX_POINT('',#2546);
#2546 = CARTESIAN_POINT('',(-26.445,-6.58,1.6));
#2547 = SURFACE_CURVE('',#2548,(#2553,#2564),.PCURVE_S1.);
#2548 = CIRCLE('',#2549,0.4);
#2549 = AXIS2_PLACEMENT_3D('',#2550,#2551,#2552);
#2550 = CARTESIAN_POINT('',(-26.845,-6.58,1.6));
#2551 = DIRECTION('',(0.,0.,1.));
#2552 = DIRECTION('',(1.,0.,-0.));
#2553 = PCURVE('',#90,#2554);
#2554 = DEFINITIONAL_REPRESENTATION('',(#2555),#2563);
#2555 = ( BOUNDED_CURVE() B_SPLINE_CURVE(2,(#2556,#2557,#2558,#2559,
#2560,#2561,#2562),.UNSPECIFIED.,.T.,.F.) B_SPLINE_CURVE_WITH_KNOTS((1,2
    ,2,2,2,1),(-2.094395102393,0.,2.094395102393,4.188790204786,
6.28318530718,8.377580409573),.UNSPECIFIED.) CURVE() 
GEOMETRIC_REPRESENTATION_ITEM() RATIONAL_B_SPLINE_CURVE((1.,0.5,1.,0.5,
1.,0.5,1.)) REPRESENTATION_ITEM('') );
#2556 = CARTESIAN_POINT('',(24.465,-18.395));
#2557 = CARTESIAN_POINT('',(24.465,-17.70217967697));
#2558 = CARTESIAN_POINT('',(25.065,-18.04858983848));
#2559 = CARTESIAN_POINT('',(25.665,-18.395));
#2560 = CARTESIAN_POINT('',(25.065,-18.74141016151));
#2561 = CARTESIAN_POINT('',(24.465,-19.08782032302));
#2562 = CARTESIAN_POINT('',(24.465,-18.395));
#2563 = ( GEOMETRIC_REPRESENTATION_CONTEXT(2) 
PARAMETRIC_REPRESENTATION_CONTEXT() REPRESENTATION_CONTEXT('2D SPACE',''
  ) );
#2564 = PCURVE('',#983,#2565);
#2565 = DEFINITIONAL_REPRESENTATION('',(#2566),#2570);
#2566 = LINE('',#2567,#2568);
#2567 = CARTESIAN_POINT('',(0.,1.61));
#2568 = VECTOR('',#2569,1.);
#2569 = DIRECTION('',(1.,0.));
#2570 = ( GEOMETRIC_REPRESENTATION_CONTEXT(2) 
PARAMETRIC_REPRESENTATION_CONTEXT() REPRESENTATION_CONTEXT('2D SPACE',''
  ) );
#2571 = FACE_BOUND('',#2572,.F.);
#2572 = EDGE_LOOP('',(#2573));
#2573 = ORIENTED_EDGE('',*,*,#2574,.T.);
#2574 = EDGE_CURVE('',#2575,#2575,#2577,.T.);
#2575 = VERTEX_POINT('',#2576);
#2576 = CARTESIAN_POINT('',(-21.295,0.2,1.6));
#2577 = SURFACE_CURVE('',#2578,(#2583,#2594),.PCURVE_S1.);
#2578 = CIRCLE('',#2579,0.4);
#2579 = AXIS2_PLACEMENT_3D('',#2580,#2581,#2582);
#2580 = CARTESIAN_POINT('',(-21.695,0.2,1.6));
#2581 = DIRECTION('',(0.,0.,1.));
#2582 = DIRECTION('',(1.,0.,-0.));
#2583 = PCURVE('',#90,#2584);
#2584 = DEFINITIONAL_REPRESENTATION('',(#2585),#2593);
#2585 = ( BOUNDED_CURVE() B_SPLINE_CURVE(2,(#2586,#2587,#2588,#2589,
#2590,#2591,#2592),.UNSPECIFIED.,.T.,.F.) B_SPLINE_CURVE_WITH_KNOTS((1,2
    ,2,2,2,1),(-2.094395102393,0.,2.094395102393,4.188790204786,
6.28318530718,8.377580409573),.UNSPECIFIED.) CURVE() 
GEOMETRIC_REPRESENTATION_ITEM() RATIONAL_B_SPLINE_CURVE((1.,0.5,1.,0.5,
1.,0.5,1.)) REPRESENTATION_ITEM('') );
#2586 = CARTESIAN_POINT('',(19.315,-11.615));
#2587 = CARTESIAN_POINT('',(19.315,-10.92217967697));
#2588 = CARTESIAN_POINT('',(19.915,-11.26858983848));
#2589 = CARTESIAN_POINT('',(20.515,-11.615));
#2590 = CARTESIAN_POINT('',(19.915,-11.96141016151));
#2591 = CARTESIAN_POINT('',(19.315,-12.30782032302));
#2592 = CARTESIAN_POINT('',(19.315,-11.615));
#2593 = ( GEOMETRIC_REPRESENTATION_CONTEXT(2) 
PARAMETRIC_REPRESENTATION_CONTEXT() REPRESENTATION_CONTEXT('2D SPACE',''
  ) );
#2594 = PCURVE('',#1018,#2595);
#2595 = DEFINITIONAL_REPRESENTATION('',(#2596),#2600);
#2596 = LINE('',#2597,#2598);
#2597 = CARTESIAN_POINT('',(0.,1.61));
#2598 = VECTOR('',#2599,1.);
#2599 = DIRECTION('',(1.,0.));
#2600 = ( GEOMETRIC_REPRESENTATION_CONTEXT(2) 
PARAMETRIC_REPRESENTATION_CONTEXT() REPRESENTATION_CONTEXT('2D SPACE',''
  ) );
#2601 = FACE_BOUND('',#2602,.F.);
#2602 = EDGE_LOOP('',(#2603));
#2603 = ORIENTED_EDGE('',*,*,#2604,.T.);
#2604 = EDGE_CURVE('',#2605,#2605,#2607,.T.);
#2605 = VERTEX_POINT('',#2606);
#2606 = CARTESIAN_POINT('',(-26.375,0.2,1.6));
#2607 = SURFACE_CURVE('',#2608,(#2613,#2624),.PCURVE_S1.);
#2608 = CIRCLE('',#2609,0.4);
#2609 = AXIS2_PLACEMENT_3D('',#2610,#2611,#2612);
#2610 = CARTESIAN_POINT('',(-26.775,0.2,1.6));
#2611 = DIRECTION('',(0.,0.,1.));
#2612 = DIRECTION('',(1.,0.,-0.));
#2613 = PCURVE('',#90,#2614);
#2614 = DEFINITIONAL_REPRESENTATION('',(#2615),#2623);
#2615 = ( BOUNDED_CURVE() B_SPLINE_CURVE(2,(#2616,#2617,#2618,#2619,
#2620,#2621,#2622),.UNSPECIFIED.,.T.,.F.) B_SPLINE_CURVE_WITH_KNOTS((1,2
    ,2,2,2,1),(-2.094395102393,0.,2.094395102393,4.188790204786,
6.28318530718,8.377580409573),.UNSPECIFIED.) CURVE() 
GEOMETRIC_REPRESENTATION_ITEM() RATIONAL_B_SPLINE_CURVE((1.,0.5,1.,0.5,
1.,0.5,1.)) REPRESENTATION_ITEM('') );
#2616 = CARTESIAN_POINT('',(24.395,-11.615));
#2617 = CARTESIAN_POINT('',(24.395,-10.92217967697));
#2618 = CARTESIAN_POINT('',(24.995,-11.26858983848));
#2619 = CARTESIAN_POINT('',(25.595,-11.615));
#2620 = CARTESIAN_POINT('',(24.995,-11.96141016151));
#2621 = CARTESIAN_POINT('',(24.395,-12.30782032302));
#2622 = CARTESIAN_POINT('',(24.395,-11.615));
#2623 = ( GEOMETRIC_REPRESENTATION_CONTEXT(2) 
PARAMETRIC_REPRESENTATION_CONTEXT() REPRESENTATION_CONTEXT('2D SPACE',''
  ) );
#2624 = PCURVE('',#1053,#2625);
#2625 = DEFINITIONAL_REPRESENTATION('',(#2626),#2630);
#2626 = LINE('',#2627,#2628);
#2627 = CARTESIAN_POINT('',(0.,1.61));
#2628 = VECTOR('',#2629,1.);
#2629 = DIRECTION('',(1.,0.));
#2630 = ( GEOMETRIC_REPRESENTATION_CONTEXT(2) 
PARAMETRIC_REPRESENTATION_CONTEXT() REPRESENTATION_CONTEXT('2D SPACE',''
  ) );
#2631 = FACE_BOUND('',#2632,.F.);
#2632 = EDGE_LOOP('',(#2633));
#2633 = ORIENTED_EDGE('',*,*,#2634,.T.);
#2634 = EDGE_CURVE('',#2635,#2635,#2637,.T.);
#2635 = VERTEX_POINT('',#2636);
#2636 = CARTESIAN_POINT('',(-3.489,4.86,1.6));
#2637 = SURFACE_CURVE('',#2638,(#2643,#2654),.PCURVE_S1.);
#2638 = CIRCLE('',#2639,0.381);
#2639 = AXIS2_PLACEMENT_3D('',#2640,#2641,#2642);
#2640 = CARTESIAN_POINT('',(-3.87,4.86,1.6));
#2641 = DIRECTION('',(0.,0.,1.));
#2642 = DIRECTION('',(1.,0.,-0.));
#2643 = PCURVE('',#90,#2644);
#2644 = DEFINITIONAL_REPRESENTATION('',(#2645),#2653);
#2645 = ( BOUNDED_CURVE() B_SPLINE_CURVE(2,(#2646,#2647,#2648,#2649,
#2650,#2651,#2652),.UNSPECIFIED.,.T.,.F.) B_SPLINE_CURVE_WITH_KNOTS((1,2
    ,2,2,2,1),(-2.094395102393,0.,2.094395102393,4.188790204786,
6.28318530718,8.377580409573),.UNSPECIFIED.) CURVE() 
GEOMETRIC_REPRESENTATION_ITEM() RATIONAL_B_SPLINE_CURVE((1.,0.5,1.,0.5,
1.,0.5,1.)) REPRESENTATION_ITEM('') );
#2646 = CARTESIAN_POINT('',(1.509,-6.955));
#2647 = CARTESIAN_POINT('',(1.509,-6.295088642316));
#2648 = CARTESIAN_POINT('',(2.0805,-6.625044321158));
#2649 = CARTESIAN_POINT('',(2.652,-6.955));
#2650 = CARTESIAN_POINT('',(2.0805,-7.284955678842));
#2651 = CARTESIAN_POINT('',(1.509,-7.614911357684));
#2652 = CARTESIAN_POINT('',(1.509,-6.955));
#2653 = ( GEOMETRIC_REPRESENTATION_CONTEXT(2) 
PARAMETRIC_REPRESENTATION_CONTEXT() REPRESENTATION_CONTEXT('2D SPACE',''
  ) );
#2654 = PCURVE('',#1088,#2655);
#2655 = DEFINITIONAL_REPRESENTATION('',(#2656),#2660);
#2656 = LINE('',#2657,#2658);
#2657 = CARTESIAN_POINT('',(0.,1.61));
#2658 = VECTOR('',#2659,1.);
#2659 = DIRECTION('',(1.,0.));
#2660 = ( GEOMETRIC_REPRESENTATION_CONTEXT(2) 
PARAMETRIC_REPRESENTATION_CONTEXT() REPRESENTATION_CONTEXT('2D SPACE',''
  ) );
#2661 = FACE_BOUND('',#2662,.F.);
#2662 = EDGE_LOOP('',(#2663));
#2663 = ORIENTED_EDGE('',*,*,#2664,.T.);
#2664 = EDGE_CURVE('',#2665,#2665,#2667,.T.);
#2665 = VERTEX_POINT('',#2666);
#2666 = CARTESIAN_POINT('',(-6.029,4.86,1.6));
#2667 = SURFACE_CURVE('',#2668,(#2673,#2684),.PCURVE_S1.);
#2668 = CIRCLE('',#2669,0.381);
#2669 = AXIS2_PLACEMENT_3D('',#2670,#2671,#2672);
#2670 = CARTESIAN_POINT('',(-6.41,4.86,1.6));
#2671 = DIRECTION('',(0.,0.,1.));
#2672 = DIRECTION('',(1.,0.,-0.));
#2673 = PCURVE('',#90,#2674);
#2674 = DEFINITIONAL_REPRESENTATION('',(#2675),#2683);
#2675 = ( BOUNDED_CURVE() B_SPLINE_CURVE(2,(#2676,#2677,#2678,#2679,
#2680,#2681,#2682),.UNSPECIFIED.,.T.,.F.) B_SPLINE_CURVE_WITH_KNOTS((1,2
    ,2,2,2,1),(-2.094395102393,0.,2.094395102393,4.188790204786,
6.28318530718,8.377580409573),.UNSPECIFIED.) CURVE() 
GEOMETRIC_REPRESENTATION_ITEM() RATIONAL_B_SPLINE_CURVE((1.,0.5,1.,0.5,
1.,0.5,1.)) REPRESENTATION_ITEM('') );
#2676 = CARTESIAN_POINT('',(4.049,-6.955));
#2677 = CARTESIAN_POINT('',(4.049,-6.295088642316));
#2678 = CARTESIAN_POINT('',(4.6205,-6.625044321158));
#2679 = CARTESIAN_POINT('',(5.192,-6.955));
#2680 = CARTESIAN_POINT('',(4.6205,-7.284955678842));
#2681 = CARTESIAN_POINT('',(4.049,-7.614911357684));
#2682 = CARTESIAN_POINT('',(4.049,-6.955));
#2683 = ( GEOMETRIC_REPRESENTATION_CONTEXT(2) 
PARAMETRIC_REPRESENTATION_CONTEXT() REPRESENTATION_CONTEXT('2D SPACE',''
  ) );
#2684 = PCURVE('',#1123,#2685);
#2685 = DEFINITIONAL_REPRESENTATION('',(#2686),#2690);
#2686 = LINE('',#2687,#2688);
#2687 = CARTESIAN_POINT('',(0.,1.61));
#2688 = VECTOR('',#2689,1.);
#2689 = DIRECTION('',(1.,0.));
#2690 = ( GEOMETRIC_REPRESENTATION_CONTEXT(2) 
PARAMETRIC_REPRESENTATION_CONTEXT() REPRESENTATION_CONTEXT('2D SPACE',''
  ) );
#2691 = FACE_BOUND('',#2692,.F.);
#2692 = EDGE_LOOP('',(#2693));
#2693 = ORIENTED_EDGE('',*,*,#2694,.T.);
#2694 = EDGE_CURVE('',#2695,#2695,#2697,.T.);
#2695 = VERTEX_POINT('',#2696);
#2696 = CARTESIAN_POINT('',(-8.569,4.86,1.6));
#2697 = SURFACE_CURVE('',#2698,(#2703,#2714),.PCURVE_S1.);
#2698 = CIRCLE('',#2699,0.381);
#2699 = AXIS2_PLACEMENT_3D('',#2700,#2701,#2702);
#2700 = CARTESIAN_POINT('',(-8.95,4.86,1.6));
#2701 = DIRECTION('',(0.,0.,1.));
#2702 = DIRECTION('',(1.,0.,-0.));
#2703 = PCURVE('',#90,#2704);
#2704 = DEFINITIONAL_REPRESENTATION('',(#2705),#2713);
#2705 = ( BOUNDED_CURVE() B_SPLINE_CURVE(2,(#2706,#2707,#2708,#2709,
#2710,#2711,#2712),.UNSPECIFIED.,.T.,.F.) B_SPLINE_CURVE_WITH_KNOTS((1,2
    ,2,2,2,1),(-2.094395102393,0.,2.094395102393,4.188790204786,
6.28318530718,8.377580409573),.UNSPECIFIED.) CURVE() 
GEOMETRIC_REPRESENTATION_ITEM() RATIONAL_B_SPLINE_CURVE((1.,0.5,1.,0.5,
1.,0.5,1.)) REPRESENTATION_ITEM('') );
#2706 = CARTESIAN_POINT('',(6.589,-6.955));
#2707 = CARTESIAN_POINT('',(6.589,-6.295088642316));
#2708 = CARTESIAN_POINT('',(7.1605,-6.625044321158));
#2709 = CARTESIAN_POINT('',(7.732,-6.955));
#2710 = CARTESIAN_POINT('',(7.1605,-7.284955678842));
#2711 = CARTESIAN_POINT('',(6.589,-7.614911357684));
#2712 = CARTESIAN_POINT('',(6.589,-6.955));
#2713 = ( GEOMETRIC_REPRESENTATION_CONTEXT(2) 
PARAMETRIC_REPRESENTATION_CONTEXT() REPRESENTATION_CONTEXT('2D SPACE',''
  ) );
#2714 = PCURVE('',#1158,#2715);
#2715 = DEFINITIONAL_REPRESENTATION('',(#2716),#2720);
#2716 = LINE('',#2717,#2718);
#2717 = CARTESIAN_POINT('',(0.,1.61));
#2718 = VECTOR('',#2719,1.);
#2719 = DIRECTION('',(1.,0.));
#2720 = ( GEOMETRIC_REPRESENTATION_CONTEXT(2) 
PARAMETRIC_REPRESENTATION_CONTEXT() REPRESENTATION_CONTEXT('2D SPACE',''
  ) );
#2721 = FACE_BOUND('',#2722,.F.);
#2722 = EDGE_LOOP('',(#2723));
#2723 = ORIENTED_EDGE('',*,*,#2724,.T.);
#2724 = EDGE_CURVE('',#2725,#2725,#2727,.T.);
#2725 = VERTEX_POINT('',#2726);
#2726 = CARTESIAN_POINT('',(-11.109,4.86,1.6));
#2727 = SURFACE_CURVE('',#2728,(#2733,#2744),.PCURVE_S1.);
#2728 = CIRCLE('',#2729,0.381);
#2729 = AXIS2_PLACEMENT_3D('',#2730,#2731,#2732);
#2730 = CARTESIAN_POINT('',(-11.49,4.86,1.6));
#2731 = DIRECTION('',(0.,0.,1.));
#2732 = DIRECTION('',(1.,0.,-0.));
#2733 = PCURVE('',#90,#2734);
#2734 = DEFINITIONAL_REPRESENTATION('',(#2735),#2743);
#2735 = ( BOUNDED_CURVE() B_SPLINE_CURVE(2,(#2736,#2737,#2738,#2739,
#2740,#2741,#2742),.UNSPECIFIED.,.T.,.F.) B_SPLINE_CURVE_WITH_KNOTS((1,2
    ,2,2,2,1),(-2.094395102393,0.,2.094395102393,4.188790204786,
6.28318530718,8.377580409573),.UNSPECIFIED.) CURVE() 
GEOMETRIC_REPRESENTATION_ITEM() RATIONAL_B_SPLINE_CURVE((1.,0.5,1.,0.5,
1.,0.5,1.)) REPRESENTATION_ITEM('') );
#2736 = CARTESIAN_POINT('',(9.129,-6.955));
#2737 = CARTESIAN_POINT('',(9.129,-6.295088642316));
#2738 = CARTESIAN_POINT('',(9.7005,-6.625044321158));
#2739 = CARTESIAN_POINT('',(10.272,-6.955));
#2740 = CARTESIAN_POINT('',(9.7005,-7.284955678842));
#2741 = CARTESIAN_POINT('',(9.129,-7.614911357684));
#2742 = CARTESIAN_POINT('',(9.129,-6.955));
#2743 = ( GEOMETRIC_REPRESENTATION_CONTEXT(2) 
PARAMETRIC_REPRESENTATION_CONTEXT() REPRESENTATION_CONTEXT('2D SPACE',''
  ) );
#2744 = PCURVE('',#1193,#2745);
#2745 = DEFINITIONAL_REPRESENTATION('',(#2746),#2750);
#2746 = LINE('',#2747,#2748);
#2747 = CARTESIAN_POINT('',(0.,1.61));
#2748 = VECTOR('',#2749,1.);
#2749 = DIRECTION('',(1.,0.));
#2750 = ( GEOMETRIC_REPRESENTATION_CONTEXT(2) 
PARAMETRIC_REPRESENTATION_CONTEXT() REPRESENTATION_CONTEXT('2D SPACE',''
  ) );
#2751 = FACE_BOUND('',#2752,.F.);
#2752 = EDGE_LOOP('',(#2753));
#2753 = ORIENTED_EDGE('',*,*,#2754,.T.);
#2754 = EDGE_CURVE('',#2755,#2755,#2757,.T.);
#2755 = VERTEX_POINT('',#2756);
#2756 = CARTESIAN_POINT('',(-13.649,4.86,1.6));
#2757 = SURFACE_CURVE('',#2758,(#2763,#2774),.PCURVE_S1.);
#2758 = CIRCLE('',#2759,0.381);
#2759 = AXIS2_PLACEMENT_3D('',#2760,#2761,#2762);
#2760 = CARTESIAN_POINT('',(-14.03,4.86,1.6));
#2761 = DIRECTION('',(0.,0.,1.));
#2762 = DIRECTION('',(1.,0.,-0.));
#2763 = PCURVE('',#90,#2764);
#2764 = DEFINITIONAL_REPRESENTATION('',(#2765),#2773);
#2765 = ( BOUNDED_CURVE() B_SPLINE_CURVE(2,(#2766,#2767,#2768,#2769,
#2770,#2771,#2772),.UNSPECIFIED.,.T.,.F.) B_SPLINE_CURVE_WITH_KNOTS((1,2
    ,2,2,2,1),(-2.094395102393,0.,2.094395102393,4.188790204786,
6.28318530718,8.377580409573),.UNSPECIFIED.) CURVE() 
GEOMETRIC_REPRESENTATION_ITEM() RATIONAL_B_SPLINE_CURVE((1.,0.5,1.,0.5,
1.,0.5,1.)) REPRESENTATION_ITEM('') );
#2766 = CARTESIAN_POINT('',(11.669,-6.955));
#2767 = CARTESIAN_POINT('',(11.669,-6.295088642316));
#2768 = CARTESIAN_POINT('',(12.2405,-6.625044321158));
#2769 = CARTESIAN_POINT('',(12.812,-6.955));
#2770 = CARTESIAN_POINT('',(12.2405,-7.284955678842));
#2771 = CARTESIAN_POINT('',(11.669,-7.614911357684));
#2772 = CARTESIAN_POINT('',(11.669,-6.955));
#2773 = ( GEOMETRIC_REPRESENTATION_CONTEXT(2) 
PARAMETRIC_REPRESENTATION_CONTEXT() REPRESENTATION_CONTEXT('2D SPACE',''
  ) );
#2774 = PCURVE('',#1228,#2775);
#2775 = DEFINITIONAL_REPRESENTATION('',(#2776),#2780);
#2776 = LINE('',#2777,#2778);
#2777 = CARTESIAN_POINT('',(0.,1.61));
#2778 = VECTOR('',#2779,1.);
#2779 = DIRECTION('',(1.,0.));
#2780 = ( GEOMETRIC_REPRESENTATION_CONTEXT(2) 
PARAMETRIC_REPRESENTATION_CONTEXT() REPRESENTATION_CONTEXT('2D SPACE',''
  ) );
#2781 = FACE_BOUND('',#2782,.F.);
#2782 = EDGE_LOOP('',(#2783));
#2783 = ORIENTED_EDGE('',*,*,#2784,.T.);
#2784 = EDGE_CURVE('',#2785,#2785,#2787,.T.);
#2785 = VERTEX_POINT('',#2786);
#2786 = CARTESIAN_POINT('',(-16.189,4.86,1.6));
#2787 = SURFACE_CURVE('',#2788,(#2793,#2804),.PCURVE_S1.);
#2788 = CIRCLE('',#2789,0.381);
#2789 = AXIS2_PLACEMENT_3D('',#2790,#2791,#2792);
#2790 = CARTESIAN_POINT('',(-16.57,4.86,1.6));
#2791 = DIRECTION('',(0.,0.,1.));
#2792 = DIRECTION('',(1.,0.,-0.));
#2793 = PCURVE('',#90,#2794);
#2794 = DEFINITIONAL_REPRESENTATION('',(#2795),#2803);
#2795 = ( BOUNDED_CURVE() B_SPLINE_CURVE(2,(#2796,#2797,#2798,#2799,
#2800,#2801,#2802),.UNSPECIFIED.,.T.,.F.) B_SPLINE_CURVE_WITH_KNOTS((1,2
    ,2,2,2,1),(-2.094395102393,0.,2.094395102393,4.188790204786,
6.28318530718,8.377580409573),.UNSPECIFIED.) CURVE() 
GEOMETRIC_REPRESENTATION_ITEM() RATIONAL_B_SPLINE_CURVE((1.,0.5,1.,0.5,
1.,0.5,1.)) REPRESENTATION_ITEM('') );
#2796 = CARTESIAN_POINT('',(14.209,-6.955));
#2797 = CARTESIAN_POINT('',(14.209,-6.295088642316));
#2798 = CARTESIAN_POINT('',(14.7805,-6.625044321158));
#2799 = CARTESIAN_POINT('',(15.352,-6.955));
#2800 = CARTESIAN_POINT('',(14.7805,-7.284955678842));
#2801 = CARTESIAN_POINT('',(14.209,-7.614911357684));
#2802 = CARTESIAN_POINT('',(14.209,-6.955));
#2803 = ( GEOMETRIC_REPRESENTATION_CONTEXT(2) 
PARAMETRIC_REPRESENTATION_CONTEXT() REPRESENTATION_CONTEXT('2D SPACE',''
  ) );
#2804 = PCURVE('',#1263,#2805);
#2805 = DEFINITIONAL_REPRESENTATION('',(#2806),#2810);
#2806 = LINE('',#2807,#2808);
#2807 = CARTESIAN_POINT('',(0.,1.61));
#2808 = VECTOR('',#2809,1.);
#2809 = DIRECTION('',(1.,0.));
#2810 = ( GEOMETRIC_REPRESENTATION_CONTEXT(2) 
PARAMETRIC_REPRESENTATION_CONTEXT() REPRESENTATION_CONTEXT('2D SPACE',''
  ) );
#2811 = FACE_BOUND('',#2812,.F.);
#2812 = EDGE_LOOP('',(#2813));
#2813 = ORIENTED_EDGE('',*,*,#2814,.T.);
#2814 = EDGE_CURVE('',#2815,#2815,#2817,.T.);
#2815 = VERTEX_POINT('',#2816);
#2816 = CARTESIAN_POINT('',(-18.729,4.86,1.6));
#2817 = SURFACE_CURVE('',#2818,(#2823,#2834),.PCURVE_S1.);
#2818 = CIRCLE('',#2819,0.381);
#2819 = AXIS2_PLACEMENT_3D('',#2820,#2821,#2822);
#2820 = CARTESIAN_POINT('',(-19.11,4.86,1.6));
#2821 = DIRECTION('',(0.,0.,1.));
#2822 = DIRECTION('',(1.,0.,-0.));
#2823 = PCURVE('',#90,#2824);
#2824 = DEFINITIONAL_REPRESENTATION('',(#2825),#2833);
#2825 = ( BOUNDED_CURVE() B_SPLINE_CURVE(2,(#2826,#2827,#2828,#2829,
#2830,#2831,#2832),.UNSPECIFIED.,.T.,.F.) B_SPLINE_CURVE_WITH_KNOTS((1,2
    ,2,2,2,1),(-2.094395102393,0.,2.094395102393,4.188790204786,
6.28318530718,8.377580409573),.UNSPECIFIED.) CURVE() 
GEOMETRIC_REPRESENTATION_ITEM() RATIONAL_B_SPLINE_CURVE((1.,0.5,1.,0.5,
1.,0.5,1.)) REPRESENTATION_ITEM('') );
#2826 = CARTESIAN_POINT('',(16.749,-6.955));
#2827 = CARTESIAN_POINT('',(16.749,-6.295088642316));
#2828 = CARTESIAN_POINT('',(17.3205,-6.625044321158));
#2829 = CARTESIAN_POINT('',(17.892,-6.955));
#2830 = CARTESIAN_POINT('',(17.3205,-7.284955678842));
#2831 = CARTESIAN_POINT('',(16.749,-7.614911357684));
#2832 = CARTESIAN_POINT('',(16.749,-6.955));
#2833 = ( GEOMETRIC_REPRESENTATION_CONTEXT(2) 
PARAMETRIC_REPRESENTATION_CONTEXT() REPRESENTATION_CONTEXT('2D SPACE',''
  ) );
#2834 = PCURVE('',#1298,#2835);
#2835 = DEFINITIONAL_REPRESENTATION('',(#2836),#2840);
#2836 = LINE('',#2837,#2838);
#2837 = CARTESIAN_POINT('',(0.,1.61));
#2838 = VECTOR('',#2839,1.);
#2839 = DIRECTION('',(1.,0.));
#2840 = ( GEOMETRIC_REPRESENTATION_CONTEXT(2) 
PARAMETRIC_REPRESENTATION_CONTEXT() REPRESENTATION_CONTEXT('2D SPACE',''
  ) );
#2841 = FACE_BOUND('',#2842,.F.);
#2842 = EDGE_LOOP('',(#2843));
#2843 = ORIENTED_EDGE('',*,*,#2844,.T.);
#2844 = EDGE_CURVE('',#2845,#2845,#2847,.T.);
#2845 = VERTEX_POINT('',#2846);
#2846 = CARTESIAN_POINT('',(-21.269,4.86,1.6));
#2847 = SURFACE_CURVE('',#2848,(#2853,#2864),.PCURVE_S1.);
#2848 = CIRCLE('',#2849,0.381);
#2849 = AXIS2_PLACEMENT_3D('',#2850,#2851,#2852);
#2850 = CARTESIAN_POINT('',(-21.65,4.86,1.6));
#2851 = DIRECTION('',(0.,0.,1.));
#2852 = DIRECTION('',(1.,0.,-0.));
#2853 = PCURVE('',#90,#2854);
#2854 = DEFINITIONAL_REPRESENTATION('',(#2855),#2863);
#2855 = ( BOUNDED_CURVE() B_SPLINE_CURVE(2,(#2856,#2857,#2858,#2859,
#2860,#2861,#2862),.UNSPECIFIED.,.T.,.F.) B_SPLINE_CURVE_WITH_KNOTS((1,2
    ,2,2,2,1),(-2.094395102393,0.,2.094395102393,4.188790204786,
6.28318530718,8.377580409573),.UNSPECIFIED.) CURVE() 
GEOMETRIC_REPRESENTATION_ITEM() RATIONAL_B_SPLINE_CURVE((1.,0.5,1.,0.5,
1.,0.5,1.)) REPRESENTATION_ITEM('') );
#2856 = CARTESIAN_POINT('',(19.289,-6.955));
#2857 = CARTESIAN_POINT('',(19.289,-6.295088642316));
#2858 = CARTESIAN_POINT('',(19.8605,-6.625044321158));
#2859 = CARTESIAN_POINT('',(20.432,-6.955));
#2860 = CARTESIAN_POINT('',(19.8605,-7.284955678842));
#2861 = CARTESIAN_POINT('',(19.289,-7.614911357684));
#2862 = CARTESIAN_POINT('',(19.289,-6.955));
#2863 = ( GEOMETRIC_REPRESENTATION_CONTEXT(2) 
PARAMETRIC_REPRESENTATION_CONTEXT() REPRESENTATION_CONTEXT('2D SPACE',''
  ) );
#2864 = PCURVE('',#1333,#2865);
#2865 = DEFINITIONAL_REPRESENTATION('',(#2866),#2870);
#2866 = LINE('',#2867,#2868);
#2867 = CARTESIAN_POINT('',(0.,1.61));
#2868 = VECTOR('',#2869,1.);
#2869 = DIRECTION('',(1.,0.));
#2870 = ( GEOMETRIC_REPRESENTATION_CONTEXT(2) 
PARAMETRIC_REPRESENTATION_CONTEXT() REPRESENTATION_CONTEXT('2D SPACE',''
  ) );
#2871 = FACE_BOUND('',#2872,.F.);
#2872 = EDGE_LOOP('',(#2873));
#2873 = ORIENTED_EDGE('',*,*,#2874,.T.);
#2874 = EDGE_CURVE('',#2875,#2875,#2877,.T.);
#2875 = VERTEX_POINT('',#2876);
#2876 = CARTESIAN_POINT('',(-24.066897,5.853103,1.6));
#2877 = SURFACE_CURVE('',#2878,(#2883,#2894),.PCURVE_S1.);
#2878 = CIRCLE('',#2879,1.613103);
#2879 = AXIS2_PLACEMENT_3D('',#2880,#2881,#2882);
#2880 = CARTESIAN_POINT('',(-25.68,5.853103,1.6));
#2881 = DIRECTION('',(0.,0.,1.));
#2882 = DIRECTION('',(1.,0.,-0.));
#2883 = PCURVE('',#90,#2884);
#2884 = DEFINITIONAL_REPRESENTATION('',(#2885),#2893);
#2885 = ( BOUNDED_CURVE() B_SPLINE_CURVE(2,(#2886,#2887,#2888,#2889,
#2890,#2891,#2892),.UNSPECIFIED.,.T.,.F.) B_SPLINE_CURVE_WITH_KNOTS((1,2
    ,2,2,2,1),(-2.094395102393,0.,2.094395102393,4.188790204786,
6.28318530718,8.377580409573),.UNSPECIFIED.) CURVE() 
GEOMETRIC_REPRESENTATION_ITEM() RATIONAL_B_SPLINE_CURVE((1.,0.5,1.,0.5,
1.,0.5,1.)) REPRESENTATION_ITEM('') );
#2886 = CARTESIAN_POINT('',(22.086897,-5.961897));
#2887 = CARTESIAN_POINT('',(22.086897,-3.167920646158));
#2888 = CARTESIAN_POINT('',(24.5065515,-4.564908823079));
#2889 = CARTESIAN_POINT('',(26.926206,-5.961897));
#2890 = CARTESIAN_POINT('',(24.5065515,-7.358885176921));
#2891 = CARTESIAN_POINT('',(22.086897,-8.755873353842));
#2892 = CARTESIAN_POINT('',(22.086897,-5.961897));
#2893 = ( GEOMETRIC_REPRESENTATION_CONTEXT(2) 
PARAMETRIC_REPRESENTATION_CONTEXT() REPRESENTATION_CONTEXT('2D SPACE',''
  ) );
#2894 = PCURVE('',#1368,#2895);
#2895 = DEFINITIONAL_REPRESENTATION('',(#2896),#2900);
#2896 = LINE('',#2897,#2898);
#2897 = CARTESIAN_POINT('',(0.,1.6));
#2898 = VECTOR('',#2899,1.);
#2899 = DIRECTION('',(1.,0.));
#2900 = ( GEOMETRIC_REPRESENTATION_CONTEXT(2) 
PARAMETRIC_REPRESENTATION_CONTEXT() REPRESENTATION_CONTEXT('2D SPACE',''
  ) );
#2901 = FACE_BOUND('',#2902,.F.);
#2902 = EDGE_LOOP('',(#2903));
#2903 = ORIENTED_EDGE('',*,*,#2904,.T.);
#2904 = EDGE_CURVE('',#2905,#2905,#2907,.T.);
#2905 = VERTEX_POINT('',#2906);
#2906 = CARTESIAN_POINT('',(23.41,29.29,1.6));
#2907 = SURFACE_CURVE('',#2908,(#2913,#2924),.PCURVE_S1.);
#2908 = CIRCLE('',#2909,1.613103);
#2909 = AXIS2_PLACEMENT_3D('',#2910,#2911,#2912);
#2910 = CARTESIAN_POINT('',(21.796897,29.29,1.6));
#2911 = DIRECTION('',(0.,0.,1.));
#2912 = DIRECTION('',(1.,0.,-0.));
#2913 = PCURVE('',#90,#2914);
#2914 = DEFINITIONAL_REPRESENTATION('',(#2915),#2923);
#2915 = ( BOUNDED_CURVE() B_SPLINE_CURVE(2,(#2916,#2917,#2918,#2919,
#2920,#2921,#2922),.UNSPECIFIED.,.T.,.F.) B_SPLINE_CURVE_WITH_KNOTS((1,2
    ,2,2,2,1),(-2.094395102393,0.,2.094395102393,4.188790204786,
6.28318530718,8.377580409573),.UNSPECIFIED.) CURVE() 
GEOMETRIC_REPRESENTATION_ITEM() RATIONAL_B_SPLINE_CURVE((1.,0.5,1.,0.5,
1.,0.5,1.)) REPRESENTATION_ITEM('') );
#2916 = CARTESIAN_POINT('',(-25.39,17.475));
#2917 = CARTESIAN_POINT('',(-25.39,20.268976353842));
#2918 = CARTESIAN_POINT('',(-22.9703455,18.871988176921));
#2919 = CARTESIAN_POINT('',(-20.550691,17.475));
#2920 = CARTESIAN_POINT('',(-22.9703455,16.078011823079));
#2921 = CARTESIAN_POINT('',(-25.39,14.681023646158));
#2922 = CARTESIAN_POINT('',(-25.39,17.475));
#2923 = ( GEOMETRIC_REPRESENTATION_CONTEXT(2) 
PARAMETRIC_REPRESENTATION_CONTEXT() REPRESENTATION_CONTEXT('2D SPACE',''
  ) );
#2924 = PCURVE('',#1403,#2925);
#2925 = DEFINITIONAL_REPRESENTATION('',(#2926),#2930);
#2926 = LINE('',#2927,#2928);
#2927 = CARTESIAN_POINT('',(0.,1.6));
#2928 = VECTOR('',#2929,1.);
#2929 = DIRECTION('',(1.,0.));
#2930 = ( GEOMETRIC_REPRESENTATION_CONTEXT(2) 
PARAMETRIC_REPRESENTATION_CONTEXT() REPRESENTATION_CONTEXT('2D SPACE',''
  ) );
#2931 = FACE_BOUND('',#2932,.F.);
#2932 = EDGE_LOOP('',(#2933));
#2933 = ORIENTED_EDGE('',*,*,#2934,.T.);
#2934 = EDGE_CURVE('',#2935,#2935,#2937,.T.);
#2935 = VERTEX_POINT('',#2936);
#2936 = CARTESIAN_POINT('',(14.291,30.26,1.6));
#2937 = SURFACE_CURVE('',#2938,(#2943,#2954),.PCURVE_S1.);
#2938 = CIRCLE('',#2939,0.381);
#2939 = AXIS2_PLACEMENT_3D('',#2940,#2941,#2942);
#2940 = CARTESIAN_POINT('',(13.91,30.26,1.6));
#2941 = DIRECTION('',(0.,0.,1.));
#2942 = DIRECTION('',(1.,0.,-0.));
#2943 = PCURVE('',#90,#2944);
#2944 = DEFINITIONAL_REPRESENTATION('',(#2945),#2953);
#2945 = ( BOUNDED_CURVE() B_SPLINE_CURVE(2,(#2946,#2947,#2948,#2949,
#2950,#2951,#2952),.UNSPECIFIED.,.T.,.F.) B_SPLINE_CURVE_WITH_KNOTS((1,2
    ,2,2,2,1),(-2.094395102393,0.,2.094395102393,4.188790204786,
6.28318530718,8.377580409573),.UNSPECIFIED.) CURVE() 
GEOMETRIC_REPRESENTATION_ITEM() RATIONAL_B_SPLINE_CURVE((1.,0.5,1.,0.5,
1.,0.5,1.)) REPRESENTATION_ITEM('') );
#2946 = CARTESIAN_POINT('',(-16.271,18.445));
#2947 = CARTESIAN_POINT('',(-16.271,19.104911357684));
#2948 = CARTESIAN_POINT('',(-15.6995,18.774955678842));
#2949 = CARTESIAN_POINT('',(-15.128,18.445));
#2950 = CARTESIAN_POINT('',(-15.6995,18.115044321158));
#2951 = CARTESIAN_POINT('',(-16.271,17.785088642316));
#2952 = CARTESIAN_POINT('',(-16.271,18.445));
#2953 = ( GEOMETRIC_REPRESENTATION_CONTEXT(2) 
PARAMETRIC_REPRESENTATION_CONTEXT() REPRESENTATION_CONTEXT('2D SPACE',''
  ) );
#2954 = PCURVE('',#1438,#2955);
#2955 = DEFINITIONAL_REPRESENTATION('',(#2956),#2960);
#2956 = LINE('',#2957,#2958);
#2957 = CARTESIAN_POINT('',(0.,1.61));
#2958 = VECTOR('',#2959,1.);
#2959 = DIRECTION('',(1.,0.));
#2960 = ( GEOMETRIC_REPRESENTATION_CONTEXT(2) 
PARAMETRIC_REPRESENTATION_CONTEXT() REPRESENTATION_CONTEXT('2D SPACE',''
  ) );
#2961 = FACE_BOUND('',#2962,.F.);
#2962 = EDGE_LOOP('',(#2963));
#2963 = ORIENTED_EDGE('',*,*,#2964,.T.);
#2964 = EDGE_CURVE('',#2965,#2965,#2967,.T.);
#2965 = VERTEX_POINT('',#2966);
#2966 = CARTESIAN_POINT('',(11.751,30.26,1.6));
#2967 = SURFACE_CURVE('',#2968,(#2973,#2984),.PCURVE_S1.);
#2968 = CIRCLE('',#2969,0.381);
#2969 = AXIS2_PLACEMENT_3D('',#2970,#2971,#2972);
#2970 = CARTESIAN_POINT('',(11.37,30.26,1.6));
#2971 = DIRECTION('',(0.,0.,1.));
#2972 = DIRECTION('',(1.,0.,-0.));
#2973 = PCURVE('',#90,#2974);
#2974 = DEFINITIONAL_REPRESENTATION('',(#2975),#2983);
#2975 = ( BOUNDED_CURVE() B_SPLINE_CURVE(2,(#2976,#2977,#2978,#2979,
#2980,#2981,#2982),.UNSPECIFIED.,.T.,.F.) B_SPLINE_CURVE_WITH_KNOTS((1,2
    ,2,2,2,1),(-2.094395102393,0.,2.094395102393,4.188790204786,
6.28318530718,8.377580409573),.UNSPECIFIED.) CURVE() 
GEOMETRIC_REPRESENTATION_ITEM() RATIONAL_B_SPLINE_CURVE((1.,0.5,1.,0.5,
1.,0.5,1.)) REPRESENTATION_ITEM('') );
#2976 = CARTESIAN_POINT('',(-13.731,18.445));
#2977 = CARTESIAN_POINT('',(-13.731,19.104911357684));
#2978 = CARTESIAN_POINT('',(-13.1595,18.774955678842));
#2979 = CARTESIAN_POINT('',(-12.588,18.445));
#2980 = CARTESIAN_POINT('',(-13.1595,18.115044321158));
#2981 = CARTESIAN_POINT('',(-13.731,17.785088642316));
#2982 = CARTESIAN_POINT('',(-13.731,18.445));
#2983 = ( GEOMETRIC_REPRESENTATION_CONTEXT(2) 
PARAMETRIC_REPRESENTATION_CONTEXT() REPRESENTATION_CONTEXT('2D SPACE',''
  ) );
#2984 = PCURVE('',#1473,#2985);
#2985 = DEFINITIONAL_REPRESENTATION('',(#2986),#2990);
#2986 = LINE('',#2987,#2988);
#2987 = CARTESIAN_POINT('',(0.,1.61));
#2988 = VECTOR('',#2989,1.);
#2989 = DIRECTION('',(1.,0.));
#2990 = ( GEOMETRIC_REPRESENTATION_CONTEXT(2) 
PARAMETRIC_REPRESENTATION_CONTEXT() REPRESENTATION_CONTEXT('2D SPACE',''
  ) );
#2991 = FACE_BOUND('',#2992,.F.);
#2992 = EDGE_LOOP('',(#2993));
#2993 = ORIENTED_EDGE('',*,*,#2994,.T.);
#2994 = EDGE_CURVE('',#2995,#2995,#2997,.T.);
#2995 = VERTEX_POINT('',#2996);
#2996 = CARTESIAN_POINT('',(9.211,30.26,1.6));
#2997 = SURFACE_CURVE('',#2998,(#3003,#3014),.PCURVE_S1.);
#2998 = CIRCLE('',#2999,0.381);
#2999 = AXIS2_PLACEMENT_3D('',#3000,#3001,#3002);
#3000 = CARTESIAN_POINT('',(8.83,30.26,1.6));
#3001 = DIRECTION('',(0.,0.,1.));
#3002 = DIRECTION('',(1.,0.,-0.));
#3003 = PCURVE('',#90,#3004);
#3004 = DEFINITIONAL_REPRESENTATION('',(#3005),#3013);
#3005 = ( BOUNDED_CURVE() B_SPLINE_CURVE(2,(#3006,#3007,#3008,#3009,
#3010,#3011,#3012),.UNSPECIFIED.,.T.,.F.) B_SPLINE_CURVE_WITH_KNOTS((1,2
    ,2,2,2,1),(-2.094395102393,0.,2.094395102393,4.188790204786,
6.28318530718,8.377580409573),.UNSPECIFIED.) CURVE() 
GEOMETRIC_REPRESENTATION_ITEM() RATIONAL_B_SPLINE_CURVE((1.,0.5,1.,0.5,
1.,0.5,1.)) REPRESENTATION_ITEM('') );
#3006 = CARTESIAN_POINT('',(-11.191,18.445));
#3007 = CARTESIAN_POINT('',(-11.191,19.104911357684));
#3008 = CARTESIAN_POINT('',(-10.6195,18.774955678842));
#3009 = CARTESIAN_POINT('',(-10.048,18.445));
#3010 = CARTESIAN_POINT('',(-10.6195,18.115044321158));
#3011 = CARTESIAN_POINT('',(-11.191,17.785088642316));
#3012 = CARTESIAN_POINT('',(-11.191,18.445));
#3013 = ( GEOMETRIC_REPRESENTATION_CONTEXT(2) 
PARAMETRIC_REPRESENTATION_CONTEXT() REPRESENTATION_CONTEXT('2D SPACE',''
  ) );
#3014 = PCURVE('',#1508,#3015);
#3015 = DEFINITIONAL_REPRESENTATION('',(#3016),#3020);
#3016 = LINE('',#3017,#3018);
#3017 = CARTESIAN_POINT('',(0.,1.61));
#3018 = VECTOR('',#3019,1.);
#3019 = DIRECTION('',(1.,0.));
#3020 = ( GEOMETRIC_REPRESENTATION_CONTEXT(2) 
PARAMETRIC_REPRESENTATION_CONTEXT() REPRESENTATION_CONTEXT('2D SPACE',''
  ) );
#3021 = FACE_BOUND('',#3022,.F.);
#3022 = EDGE_LOOP('',(#3023));
#3023 = ORIENTED_EDGE('',*,*,#3024,.T.);
#3024 = EDGE_CURVE('',#3025,#3025,#3027,.T.);
#3025 = VERTEX_POINT('',#3026);
#3026 = CARTESIAN_POINT('',(6.671,30.26,1.6));
#3027 = SURFACE_CURVE('',#3028,(#3033,#3044),.PCURVE_S1.);
#3028 = CIRCLE('',#3029,0.381);
#3029 = AXIS2_PLACEMENT_3D('',#3030,#3031,#3032);
#3030 = CARTESIAN_POINT('',(6.29,30.26,1.6));
#3031 = DIRECTION('',(0.,0.,1.));
#3032 = DIRECTION('',(1.,0.,-0.));
#3033 = PCURVE('',#90,#3034);
#3034 = DEFINITIONAL_REPRESENTATION('',(#3035),#3043);
#3035 = ( BOUNDED_CURVE() B_SPLINE_CURVE(2,(#3036,#3037,#3038,#3039,
#3040,#3041,#3042),.UNSPECIFIED.,.T.,.F.) B_SPLINE_CURVE_WITH_KNOTS((1,2
    ,2,2,2,1),(-2.094395102393,0.,2.094395102393,4.188790204786,
6.28318530718,8.377580409573),.UNSPECIFIED.) CURVE() 
GEOMETRIC_REPRESENTATION_ITEM() RATIONAL_B_SPLINE_CURVE((1.,0.5,1.,0.5,
1.,0.5,1.)) REPRESENTATION_ITEM('') );
#3036 = CARTESIAN_POINT('',(-8.651,18.445));
#3037 = CARTESIAN_POINT('',(-8.651,19.104911357684));
#3038 = CARTESIAN_POINT('',(-8.0795,18.774955678842));
#3039 = CARTESIAN_POINT('',(-7.508,18.445));
#3040 = CARTESIAN_POINT('',(-8.0795,18.115044321158));
#3041 = CARTESIAN_POINT('',(-8.651,17.785088642316));
#3042 = CARTESIAN_POINT('',(-8.651,18.445));
#3043 = ( GEOMETRIC_REPRESENTATION_CONTEXT(2) 
PARAMETRIC_REPRESENTATION_CONTEXT() REPRESENTATION_CONTEXT('2D SPACE',''
  ) );
#3044 = PCURVE('',#1543,#3045);
#3045 = DEFINITIONAL_REPRESENTATION('',(#3046),#3050);
#3046 = LINE('',#3047,#3048);
#3047 = CARTESIAN_POINT('',(0.,1.61));
#3048 = VECTOR('',#3049,1.);
#3049 = DIRECTION('',(1.,0.));
#3050 = ( GEOMETRIC_REPRESENTATION_CONTEXT(2) 
PARAMETRIC_REPRESENTATION_CONTEXT() REPRESENTATION_CONTEXT('2D SPACE',''
  ) );
#3051 = FACE_BOUND('',#3052,.F.);
#3052 = EDGE_LOOP('',(#3053));
#3053 = ORIENTED_EDGE('',*,*,#3054,.T.);
#3054 = EDGE_CURVE('',#3055,#3055,#3057,.T.);
#3055 = VERTEX_POINT('',#3056);
#3056 = CARTESIAN_POINT('',(4.131,30.26,1.6));
#3057 = SURFACE_CURVE('',#3058,(#3063,#3074),.PCURVE_S1.);
#3058 = CIRCLE('',#3059,0.381);
#3059 = AXIS2_PLACEMENT_3D('',#3060,#3061,#3062);
#3060 = CARTESIAN_POINT('',(3.75,30.26,1.6));
#3061 = DIRECTION('',(0.,0.,1.));
#3062 = DIRECTION('',(1.,0.,-0.));
#3063 = PCURVE('',#90,#3064);
#3064 = DEFINITIONAL_REPRESENTATION('',(#3065),#3073);
#3065 = ( BOUNDED_CURVE() B_SPLINE_CURVE(2,(#3066,#3067,#3068,#3069,
#3070,#3071,#3072),.UNSPECIFIED.,.T.,.F.) B_SPLINE_CURVE_WITH_KNOTS((1,2
    ,2,2,2,1),(-2.094395102393,0.,2.094395102393,4.188790204786,
6.28318530718,8.377580409573),.UNSPECIFIED.) CURVE() 
GEOMETRIC_REPRESENTATION_ITEM() RATIONAL_B_SPLINE_CURVE((1.,0.5,1.,0.5,
1.,0.5,1.)) REPRESENTATION_ITEM('') );
#3066 = CARTESIAN_POINT('',(-6.111,18.445));
#3067 = CARTESIAN_POINT('',(-6.111,19.104911357684));
#3068 = CARTESIAN_POINT('',(-5.5395,18.774955678842));
#3069 = CARTESIAN_POINT('',(-4.968,18.445));
#3070 = CARTESIAN_POINT('',(-5.5395,18.115044321158));
#3071 = CARTESIAN_POINT('',(-6.111,17.785088642316));
#3072 = CARTESIAN_POINT('',(-6.111,18.445));
#3073 = ( GEOMETRIC_REPRESENTATION_CONTEXT(2) 
PARAMETRIC_REPRESENTATION_CONTEXT() REPRESENTATION_CONTEXT('2D SPACE',''
  ) );
#3074 = PCURVE('',#1578,#3075);
#3075 = DEFINITIONAL_REPRESENTATION('',(#3076),#3080);
#3076 = LINE('',#3077,#3078);
#3077 = CARTESIAN_POINT('',(0.,1.61));
#3078 = VECTOR('',#3079,1.);
#3079 = DIRECTION('',(1.,0.));
#3080 = ( GEOMETRIC_REPRESENTATION_CONTEXT(2) 
PARAMETRIC_REPRESENTATION_CONTEXT() REPRESENTATION_CONTEXT('2D SPACE',''
  ) );
#3081 = FACE_BOUND('',#3082,.F.);
#3082 = EDGE_LOOP('',(#3083));
#3083 = ORIENTED_EDGE('',*,*,#3084,.T.);
#3084 = EDGE_CURVE('',#3085,#3085,#3087,.T.);
#3085 = VERTEX_POINT('',#3086);
#3086 = CARTESIAN_POINT('',(1.591,30.26,1.6));
#3087 = SURFACE_CURVE('',#3088,(#3093,#3104),.PCURVE_S1.);
#3088 = CIRCLE('',#3089,0.381);
#3089 = AXIS2_PLACEMENT_3D('',#3090,#3091,#3092);
#3090 = CARTESIAN_POINT('',(1.21,30.26,1.6));
#3091 = DIRECTION('',(0.,0.,1.));
#3092 = DIRECTION('',(1.,0.,-0.));
#3093 = PCURVE('',#90,#3094);
#3094 = DEFINITIONAL_REPRESENTATION('',(#3095),#3103);
#3095 = ( BOUNDED_CURVE() B_SPLINE_CURVE(2,(#3096,#3097,#3098,#3099,
#3100,#3101,#3102),.UNSPECIFIED.,.T.,.F.) B_SPLINE_CURVE_WITH_KNOTS((1,2
    ,2,2,2,1),(-2.094395102393,0.,2.094395102393,4.188790204786,
6.28318530718,8.377580409573),.UNSPECIFIED.) CURVE() 
GEOMETRIC_REPRESENTATION_ITEM() RATIONAL_B_SPLINE_CURVE((1.,0.5,1.,0.5,
1.,0.5,1.)) REPRESENTATION_ITEM('') );
#3096 = CARTESIAN_POINT('',(-3.571,18.445));
#3097 = CARTESIAN_POINT('',(-3.571,19.104911357684));
#3098 = CARTESIAN_POINT('',(-2.9995,18.774955678842));
#3099 = CARTESIAN_POINT('',(-2.428,18.445));
#3100 = CARTESIAN_POINT('',(-2.9995,18.115044321158));
#3101 = CARTESIAN_POINT('',(-3.571,17.785088642316));
#3102 = CARTESIAN_POINT('',(-3.571,18.445));
#3103 = ( GEOMETRIC_REPRESENTATION_CONTEXT(2) 
PARAMETRIC_REPRESENTATION_CONTEXT() REPRESENTATION_CONTEXT('2D SPACE',''
  ) );
#3104 = PCURVE('',#1613,#3105);
#3105 = DEFINITIONAL_REPRESENTATION('',(#3106),#3110);
#3106 = LINE('',#3107,#3108);
#3107 = CARTESIAN_POINT('',(0.,1.61));
#3108 = VECTOR('',#3109,1.);
#3109 = DIRECTION('',(1.,0.));
#3110 = ( GEOMETRIC_REPRESENTATION_CONTEXT(2) 
PARAMETRIC_REPRESENTATION_CONTEXT() REPRESENTATION_CONTEXT('2D SPACE',''
  ) );
#3111 = FACE_BOUND('',#3112,.F.);
#3112 = EDGE_LOOP('',(#3113));
#3113 = ORIENTED_EDGE('',*,*,#3114,.T.);
#3114 = EDGE_CURVE('',#3115,#3115,#3117,.T.);
#3115 = VERTEX_POINT('',#3116);
#3116 = CARTESIAN_POINT('',(-0.949,30.26,1.6));
#3117 = SURFACE_CURVE('',#3118,(#3123,#3134),.PCURVE_S1.);
#3118 = CIRCLE('',#3119,0.381);
#3119 = AXIS2_PLACEMENT_3D('',#3120,#3121,#3122);
#3120 = CARTESIAN_POINT('',(-1.33,30.26,1.6));
#3121 = DIRECTION('',(0.,0.,1.));
#3122 = DIRECTION('',(1.,0.,-0.));
#3123 = PCURVE('',#90,#3124);
#3124 = DEFINITIONAL_REPRESENTATION('',(#3125),#3133);
#3125 = ( BOUNDED_CURVE() B_SPLINE_CURVE(2,(#3126,#3127,#3128,#3129,
#3130,#3131,#3132),.UNSPECIFIED.,.T.,.F.) B_SPLINE_CURVE_WITH_KNOTS((1,2
    ,2,2,2,1),(-2.094395102393,0.,2.094395102393,4.188790204786,
6.28318530718,8.377580409573),.UNSPECIFIED.) CURVE() 
GEOMETRIC_REPRESENTATION_ITEM() RATIONAL_B_SPLINE_CURVE((1.,0.5,1.,0.5,
1.,0.5,1.)) REPRESENTATION_ITEM('') );
#3126 = CARTESIAN_POINT('',(-1.031,18.445));
#3127 = CARTESIAN_POINT('',(-1.031,19.104911357684));
#3128 = CARTESIAN_POINT('',(-0.4595,18.774955678842));
#3129 = CARTESIAN_POINT('',(0.112,18.445));
#3130 = CARTESIAN_POINT('',(-0.4595,18.115044321158));
#3131 = CARTESIAN_POINT('',(-1.031,17.785088642316));
#3132 = CARTESIAN_POINT('',(-1.031,18.445));
#3133 = ( GEOMETRIC_REPRESENTATION_CONTEXT(2) 
PARAMETRIC_REPRESENTATION_CONTEXT() REPRESENTATION_CONTEXT('2D SPACE',''
  ) );
#3134 = PCURVE('',#1648,#3135);
#3135 = DEFINITIONAL_REPRESENTATION('',(#3136),#3140);
#3136 = LINE('',#3137,#3138);
#3137 = CARTESIAN_POINT('',(0.,1.61));
#3138 = VECTOR('',#3139,1.);
#3139 = DIRECTION('',(1.,0.));
#3140 = ( GEOMETRIC_REPRESENTATION_CONTEXT(2) 
PARAMETRIC_REPRESENTATION_CONTEXT() REPRESENTATION_CONTEXT('2D SPACE',''
  ) );
#3141 = FACE_BOUND('',#3142,.F.);
#3142 = EDGE_LOOP('',(#3143));
#3143 = ORIENTED_EDGE('',*,*,#3144,.T.);
#3144 = EDGE_CURVE('',#3145,#3145,#3147,.T.);
#3145 = VERTEX_POINT('',#3146);
#3146 = CARTESIAN_POINT('',(-3.489,30.26,1.6));
#3147 = SURFACE_CURVE('',#3148,(#3153,#3164),.PCURVE_S1.);
#3148 = CIRCLE('',#3149,0.381);
#3149 = AXIS2_PLACEMENT_3D('',#3150,#3151,#3152);
#3150 = CARTESIAN_POINT('',(-3.87,30.26,1.6));
#3151 = DIRECTION('',(0.,0.,1.));
#3152 = DIRECTION('',(1.,0.,-0.));
#3153 = PCURVE('',#90,#3154);
#3154 = DEFINITIONAL_REPRESENTATION('',(#3155),#3163);
#3155 = ( BOUNDED_CURVE() B_SPLINE_CURVE(2,(#3156,#3157,#3158,#3159,
#3160,#3161,#3162),.UNSPECIFIED.,.T.,.F.) B_SPLINE_CURVE_WITH_KNOTS((1,2
    ,2,2,2,1),(-2.094395102393,0.,2.094395102393,4.188790204786,
6.28318530718,8.377580409573),.UNSPECIFIED.) CURVE() 
GEOMETRIC_REPRESENTATION_ITEM() RATIONAL_B_SPLINE_CURVE((1.,0.5,1.,0.5,
1.,0.5,1.)) REPRESENTATION_ITEM('') );
#3156 = CARTESIAN_POINT('',(1.509,18.445));
#3157 = CARTESIAN_POINT('',(1.509,19.104911357684));
#3158 = CARTESIAN_POINT('',(2.0805,18.774955678842));
#3159 = CARTESIAN_POINT('',(2.652,18.445));
#3160 = CARTESIAN_POINT('',(2.0805,18.115044321158));
#3161 = CARTESIAN_POINT('',(1.509,17.785088642316));
#3162 = CARTESIAN_POINT('',(1.509,18.445));
#3163 = ( GEOMETRIC_REPRESENTATION_CONTEXT(2) 
PARAMETRIC_REPRESENTATION_CONTEXT() REPRESENTATION_CONTEXT('2D SPACE',''
  ) );
#3164 = PCURVE('',#1683,#3165);
#3165 = DEFINITIONAL_REPRESENTATION('',(#3166),#3170);
#3166 = LINE('',#3167,#3168);
#3167 = CARTESIAN_POINT('',(0.,1.61));
#3168 = VECTOR('',#3169,1.);
#3169 = DIRECTION('',(1.,0.));
#3170 = ( GEOMETRIC_REPRESENTATION_CONTEXT(2) 
PARAMETRIC_REPRESENTATION_CONTEXT() REPRESENTATION_CONTEXT('2D SPACE',''
  ) );
#3171 = FACE_BOUND('',#3172,.F.);
#3172 = EDGE_LOOP('',(#3173));
#3173 = ORIENTED_EDGE('',*,*,#3174,.T.);
#3174 = EDGE_CURVE('',#3175,#3175,#3177,.T.);
#3175 = VERTEX_POINT('',#3176);
#3176 = CARTESIAN_POINT('',(-6.029,30.26,1.6));
#3177 = SURFACE_CURVE('',#3178,(#3183,#3194),.PCURVE_S1.);
#3178 = CIRCLE('',#3179,0.381);
#3179 = AXIS2_PLACEMENT_3D('',#3180,#3181,#3182);
#3180 = CARTESIAN_POINT('',(-6.41,30.26,1.6));
#3181 = DIRECTION('',(0.,0.,1.));
#3182 = DIRECTION('',(1.,0.,-0.));
#3183 = PCURVE('',#90,#3184);
#3184 = DEFINITIONAL_REPRESENTATION('',(#3185),#3193);
#3185 = ( BOUNDED_CURVE() B_SPLINE_CURVE(2,(#3186,#3187,#3188,#3189,
#3190,#3191,#3192),.UNSPECIFIED.,.T.,.F.) B_SPLINE_CURVE_WITH_KNOTS((1,2
    ,2,2,2,1),(-2.094395102393,0.,2.094395102393,4.188790204786,
6.28318530718,8.377580409573),.UNSPECIFIED.) CURVE() 
GEOMETRIC_REPRESENTATION_ITEM() RATIONAL_B_SPLINE_CURVE((1.,0.5,1.,0.5,
1.,0.5,1.)) REPRESENTATION_ITEM('') );
#3186 = CARTESIAN_POINT('',(4.049,18.445));
#3187 = CARTESIAN_POINT('',(4.049,19.104911357684));
#3188 = CARTESIAN_POINT('',(4.6205,18.774955678842));
#3189 = CARTESIAN_POINT('',(5.192,18.445));
#3190 = CARTESIAN_POINT('',(4.6205,18.115044321158));
#3191 = CARTESIAN_POINT('',(4.049,17.785088642316));
#3192 = CARTESIAN_POINT('',(4.049,18.445));
#3193 = ( GEOMETRIC_REPRESENTATION_CONTEXT(2) 
PARAMETRIC_REPRESENTATION_CONTEXT() REPRESENTATION_CONTEXT('2D SPACE',''
  ) );
#3194 = PCURVE('',#1718,#3195);
#3195 = DEFINITIONAL_REPRESENTATION('',(#3196),#3200);
#3196 = LINE('',#3197,#3198);
#3197 = CARTESIAN_POINT('',(0.,1.61));
#3198 = VECTOR('',#3199,1.);
#3199 = DIRECTION('',(1.,0.));
#3200 = ( GEOMETRIC_REPRESENTATION_CONTEXT(2) 
PARAMETRIC_REPRESENTATION_CONTEXT() REPRESENTATION_CONTEXT('2D SPACE',''
  ) );
#3201 = FACE_BOUND('',#3202,.F.);
#3202 = EDGE_LOOP('',(#3203));
#3203 = ORIENTED_EDGE('',*,*,#3204,.T.);
#3204 = EDGE_CURVE('',#3205,#3205,#3207,.T.);
#3205 = VERTEX_POINT('',#3206);
#3206 = CARTESIAN_POINT('',(-8.569,30.26,1.6));
#3207 = SURFACE_CURVE('',#3208,(#3213,#3224),.PCURVE_S1.);
#3208 = CIRCLE('',#3209,0.381);
#3209 = AXIS2_PLACEMENT_3D('',#3210,#3211,#3212);
#3210 = CARTESIAN_POINT('',(-8.95,30.26,1.6));
#3211 = DIRECTION('',(0.,0.,1.));
#3212 = DIRECTION('',(1.,0.,-0.));
#3213 = PCURVE('',#90,#3214);
#3214 = DEFINITIONAL_REPRESENTATION('',(#3215),#3223);
#3215 = ( BOUNDED_CURVE() B_SPLINE_CURVE(2,(#3216,#3217,#3218,#3219,
#3220,#3221,#3222),.UNSPECIFIED.,.T.,.F.) B_SPLINE_CURVE_WITH_KNOTS((1,2
    ,2,2,2,1),(-2.094395102393,0.,2.094395102393,4.188790204786,
6.28318530718,8.377580409573),.UNSPECIFIED.) CURVE() 
GEOMETRIC_REPRESENTATION_ITEM() RATIONAL_B_SPLINE_CURVE((1.,0.5,1.,0.5,
1.,0.5,1.)) REPRESENTATION_ITEM('') );
#3216 = CARTESIAN_POINT('',(6.589,18.445));
#3217 = CARTESIAN_POINT('',(6.589,19.104911357684));
#3218 = CARTESIAN_POINT('',(7.1605,18.774955678842));
#3219 = CARTESIAN_POINT('',(7.732,18.445));
#3220 = CARTESIAN_POINT('',(7.1605,18.115044321158));
#3221 = CARTESIAN_POINT('',(6.589,17.785088642316));
#3222 = CARTESIAN_POINT('',(6.589,18.445));
#3223 = ( GEOMETRIC_REPRESENTATION_CONTEXT(2) 
PARAMETRIC_REPRESENTATION_CONTEXT() REPRESENTATION_CONTEXT('2D SPACE',''
  ) );
#3224 = PCURVE('',#1753,#3225);
#3225 = DEFINITIONAL_REPRESENTATION('',(#3226),#3230);
#3226 = LINE('',#3227,#3228);
#3227 = CARTESIAN_POINT('',(0.,1.61));
#3228 = VECTOR('',#3229,1.);
#3229 = DIRECTION('',(1.,0.));
#3230 = ( GEOMETRIC_REPRESENTATION_CONTEXT(2) 
PARAMETRIC_REPRESENTATION_CONTEXT() REPRESENTATION_CONTEXT('2D SPACE',''
  ) );
#3231 = FACE_BOUND('',#3232,.F.);
#3232 = EDGE_LOOP('',(#3233));
#3233 = ORIENTED_EDGE('',*,*,#3234,.T.);
#3234 = EDGE_CURVE('',#3235,#3235,#3237,.T.);
#3235 = VERTEX_POINT('',#3236);
#3236 = CARTESIAN_POINT('',(-11.109,30.26,1.6));
#3237 = SURFACE_CURVE('',#3238,(#3243,#3254),.PCURVE_S1.);
#3238 = CIRCLE('',#3239,0.381);
#3239 = AXIS2_PLACEMENT_3D('',#3240,#3241,#3242);
#3240 = CARTESIAN_POINT('',(-11.49,30.26,1.6));
#3241 = DIRECTION('',(0.,0.,1.));
#3242 = DIRECTION('',(1.,0.,-0.));
#3243 = PCURVE('',#90,#3244);
#3244 = DEFINITIONAL_REPRESENTATION('',(#3245),#3253);
#3245 = ( BOUNDED_CURVE() B_SPLINE_CURVE(2,(#3246,#3247,#3248,#3249,
#3250,#3251,#3252),.UNSPECIFIED.,.T.,.F.) B_SPLINE_CURVE_WITH_KNOTS((1,2
    ,2,2,2,1),(-2.094395102393,0.,2.094395102393,4.188790204786,
6.28318530718,8.377580409573),.UNSPECIFIED.) CURVE() 
GEOMETRIC_REPRESENTATION_ITEM() RATIONAL_B_SPLINE_CURVE((1.,0.5,1.,0.5,
1.,0.5,1.)) REPRESENTATION_ITEM('') );
#3246 = CARTESIAN_POINT('',(9.129,18.445));
#3247 = CARTESIAN_POINT('',(9.129,19.104911357684));
#3248 = CARTESIAN_POINT('',(9.7005,18.774955678842));
#3249 = CARTESIAN_POINT('',(10.272,18.445));
#3250 = CARTESIAN_POINT('',(9.7005,18.115044321158));
#3251 = CARTESIAN_POINT('',(9.129,17.785088642316));
#3252 = CARTESIAN_POINT('',(9.129,18.445));
#3253 = ( GEOMETRIC_REPRESENTATION_CONTEXT(2) 
PARAMETRIC_REPRESENTATION_CONTEXT() REPRESENTATION_CONTEXT('2D SPACE',''
  ) );
#3254 = PCURVE('',#1788,#3255);
#3255 = DEFINITIONAL_REPRESENTATION('',(#3256),#3260);
#3256 = LINE('',#3257,#3258);
#3257 = CARTESIAN_POINT('',(0.,1.61));
#3258 = VECTOR('',#3259,1.);
#3259 = DIRECTION('',(1.,0.));
#3260 = ( GEOMETRIC_REPRESENTATION_CONTEXT(2) 
PARAMETRIC_REPRESENTATION_CONTEXT() REPRESENTATION_CONTEXT('2D SPACE',''
  ) );
#3261 = FACE_BOUND('',#3262,.F.);
#3262 = EDGE_LOOP('',(#3263));
#3263 = ORIENTED_EDGE('',*,*,#3264,.T.);
#3264 = EDGE_CURVE('',#3265,#3265,#3267,.T.);
#3265 = VERTEX_POINT('',#3266);
#3266 = CARTESIAN_POINT('',(-13.649,30.26,1.6));
#3267 = SURFACE_CURVE('',#3268,(#3273,#3284),.PCURVE_S1.);
#3268 = CIRCLE('',#3269,0.381);
#3269 = AXIS2_PLACEMENT_3D('',#3270,#3271,#3272);
#3270 = CARTESIAN_POINT('',(-14.03,30.26,1.6));
#3271 = DIRECTION('',(0.,0.,1.));
#3272 = DIRECTION('',(1.,0.,-0.));
#3273 = PCURVE('',#90,#3274);
#3274 = DEFINITIONAL_REPRESENTATION('',(#3275),#3283);
#3275 = ( BOUNDED_CURVE() B_SPLINE_CURVE(2,(#3276,#3277,#3278,#3279,
#3280,#3281,#3282),.UNSPECIFIED.,.T.,.F.) B_SPLINE_CURVE_WITH_KNOTS((1,2
    ,2,2,2,1),(-2.094395102393,0.,2.094395102393,4.188790204786,
6.28318530718,8.377580409573),.UNSPECIFIED.) CURVE() 
GEOMETRIC_REPRESENTATION_ITEM() RATIONAL_B_SPLINE_CURVE((1.,0.5,1.,0.5,
1.,0.5,1.)) REPRESENTATION_ITEM('') );
#3276 = CARTESIAN_POINT('',(11.669,18.445));
#3277 = CARTESIAN_POINT('',(11.669,19.104911357684));
#3278 = CARTESIAN_POINT('',(12.2405,18.774955678842));
#3279 = CARTESIAN_POINT('',(12.812,18.445));
#3280 = CARTESIAN_POINT('',(12.2405,18.115044321158));
#3281 = CARTESIAN_POINT('',(11.669,17.785088642316));
#3282 = CARTESIAN_POINT('',(11.669,18.445));
#3283 = ( GEOMETRIC_REPRESENTATION_CONTEXT(2) 
PARAMETRIC_REPRESENTATION_CONTEXT() REPRESENTATION_CONTEXT('2D SPACE',''
  ) );
#3284 = PCURVE('',#1823,#3285);
#3285 = DEFINITIONAL_REPRESENTATION('',(#3286),#3290);
#3286 = LINE('',#3287,#3288);
#3287 = CARTESIAN_POINT('',(0.,1.61));
#3288 = VECTOR('',#3289,1.);
#3289 = DIRECTION('',(1.,0.));
#3290 = ( GEOMETRIC_REPRESENTATION_CONTEXT(2) 
PARAMETRIC_REPRESENTATION_CONTEXT() REPRESENTATION_CONTEXT('2D SPACE',''
  ) );
#3291 = FACE_BOUND('',#3292,.F.);
#3292 = EDGE_LOOP('',(#3293));
#3293 = ORIENTED_EDGE('',*,*,#3294,.T.);
#3294 = EDGE_CURVE('',#3295,#3295,#3297,.T.);
#3295 = VERTEX_POINT('',#3296);
#3296 = CARTESIAN_POINT('',(-16.189,30.26,1.6));
#3297 = SURFACE_CURVE('',#3298,(#3303,#3314),.PCURVE_S1.);
#3298 = CIRCLE('',#3299,0.381);
#3299 = AXIS2_PLACEMENT_3D('',#3300,#3301,#3302);
#3300 = CARTESIAN_POINT('',(-16.57,30.26,1.6));
#3301 = DIRECTION('',(0.,0.,1.));
#3302 = DIRECTION('',(1.,0.,-0.));
#3303 = PCURVE('',#90,#3304);
#3304 = DEFINITIONAL_REPRESENTATION('',(#3305),#3313);
#3305 = ( BOUNDED_CURVE() B_SPLINE_CURVE(2,(#3306,#3307,#3308,#3309,
#3310,#3311,#3312),.UNSPECIFIED.,.T.,.F.) B_SPLINE_CURVE_WITH_KNOTS((1,2
    ,2,2,2,1),(-2.094395102393,0.,2.094395102393,4.188790204786,
6.28318530718,8.377580409573),.UNSPECIFIED.) CURVE() 
GEOMETRIC_REPRESENTATION_ITEM() RATIONAL_B_SPLINE_CURVE((1.,0.5,1.,0.5,
1.,0.5,1.)) REPRESENTATION_ITEM('') );
#3306 = CARTESIAN_POINT('',(14.209,18.445));
#3307 = CARTESIAN_POINT('',(14.209,19.104911357684));
#3308 = CARTESIAN_POINT('',(14.7805,18.774955678842));
#3309 = CARTESIAN_POINT('',(15.352,18.445));
#3310 = CARTESIAN_POINT('',(14.7805,18.115044321158));
#3311 = CARTESIAN_POINT('',(14.209,17.785088642316));
#3312 = CARTESIAN_POINT('',(14.209,18.445));
#3313 = ( GEOMETRIC_REPRESENTATION_CONTEXT(2) 
PARAMETRIC_REPRESENTATION_CONTEXT() REPRESENTATION_CONTEXT('2D SPACE',''
  ) );
#3314 = PCURVE('',#1858,#3315);
#3315 = DEFINITIONAL_REPRESENTATION('',(#3316),#3320);
#3316 = LINE('',#3317,#3318);
#3317 = CARTESIAN_POINT('',(0.,1.61));
#3318 = VECTOR('',#3319,1.);
#3319 = DIRECTION('',(1.,0.));
#3320 = ( GEOMETRIC_REPRESENTATION_CONTEXT(2) 
PARAMETRIC_REPRESENTATION_CONTEXT() REPRESENTATION_CONTEXT('2D SPACE',''
  ) );
#3321 = FACE_BOUND('',#3322,.F.);
#3322 = EDGE_LOOP('',(#3323));
#3323 = ORIENTED_EDGE('',*,*,#3324,.T.);
#3324 = EDGE_CURVE('',#3325,#3325,#3327,.T.);
#3325 = VERTEX_POINT('',#3326);
#3326 = CARTESIAN_POINT('',(-18.729,30.26,1.6));
#3327 = SURFACE_CURVE('',#3328,(#3333,#3344),.PCURVE_S1.);
#3328 = CIRCLE('',#3329,0.381);
#3329 = AXIS2_PLACEMENT_3D('',#3330,#3331,#3332);
#3330 = CARTESIAN_POINT('',(-19.11,30.26,1.6));
#3331 = DIRECTION('',(0.,0.,1.));
#3332 = DIRECTION('',(1.,0.,-0.));
#3333 = PCURVE('',#90,#3334);
#3334 = DEFINITIONAL_REPRESENTATION('',(#3335),#3343);
#3335 = ( BOUNDED_CURVE() B_SPLINE_CURVE(2,(#3336,#3337,#3338,#3339,
#3340,#3341,#3342),.UNSPECIFIED.,.T.,.F.) B_SPLINE_CURVE_WITH_KNOTS((1,2
    ,2,2,2,1),(-2.094395102393,0.,2.094395102393,4.188790204786,
6.28318530718,8.377580409573),.UNSPECIFIED.) CURVE() 
GEOMETRIC_REPRESENTATION_ITEM() RATIONAL_B_SPLINE_CURVE((1.,0.5,1.,0.5,
1.,0.5,1.)) REPRESENTATION_ITEM('') );
#3336 = CARTESIAN_POINT('',(16.749,18.445));
#3337 = CARTESIAN_POINT('',(16.749,19.104911357684));
#3338 = CARTESIAN_POINT('',(17.3205,18.774955678842));
#3339 = CARTESIAN_POINT('',(17.892,18.445));
#3340 = CARTESIAN_POINT('',(17.3205,18.115044321158));
#3341 = CARTESIAN_POINT('',(16.749,17.785088642316));
#3342 = CARTESIAN_POINT('',(16.749,18.445));
#3343 = ( GEOMETRIC_REPRESENTATION_CONTEXT(2) 
PARAMETRIC_REPRESENTATION_CONTEXT() REPRESENTATION_CONTEXT('2D SPACE',''
  ) );
#3344 = PCURVE('',#1893,#3345);
#3345 = DEFINITIONAL_REPRESENTATION('',(#3346),#3350);
#3346 = LINE('',#3347,#3348);
#3347 = CARTESIAN_POINT('',(0.,1.61));
#3348 = VECTOR('',#3349,1.);
#3349 = DIRECTION('',(1.,0.));
#3350 = ( GEOMETRIC_REPRESENTATION_CONTEXT(2) 
PARAMETRIC_REPRESENTATION_CONTEXT() REPRESENTATION_CONTEXT('2D SPACE',''
  ) );
#3351 = FACE_BOUND('',#3352,.F.);
#3352 = EDGE_LOOP('',(#3353));
#3353 = ORIENTED_EDGE('',*,*,#3354,.T.);
#3354 = EDGE_CURVE('',#3355,#3355,#3357,.T.);
#3355 = VERTEX_POINT('',#3356);
#3356 = CARTESIAN_POINT('',(-21.269,30.26,1.6));
#3357 = SURFACE_CURVE('',#3358,(#3363,#3374),.PCURVE_S1.);
#3358 = CIRCLE('',#3359,0.381);
#3359 = AXIS2_PLACEMENT_3D('',#3360,#3361,#3362);
#3360 = CARTESIAN_POINT('',(-21.65,30.26,1.6));
#3361 = DIRECTION('',(0.,0.,1.));
#3362 = DIRECTION('',(1.,0.,-0.));
#3363 = PCURVE('',#90,#3364);
#3364 = DEFINITIONAL_REPRESENTATION('',(#3365),#3373);
#3365 = ( BOUNDED_CURVE() B_SPLINE_CURVE(2,(#3366,#3367,#3368,#3369,
#3370,#3371,#3372),.UNSPECIFIED.,.T.,.F.) B_SPLINE_CURVE_WITH_KNOTS((1,2
    ,2,2,2,1),(-2.094395102393,0.,2.094395102393,4.188790204786,
6.28318530718,8.377580409573),.UNSPECIFIED.) CURVE() 
GEOMETRIC_REPRESENTATION_ITEM() RATIONAL_B_SPLINE_CURVE((1.,0.5,1.,0.5,
1.,0.5,1.)) REPRESENTATION_ITEM('') );
#3366 = CARTESIAN_POINT('',(19.289,18.445));
#3367 = CARTESIAN_POINT('',(19.289,19.104911357684));
#3368 = CARTESIAN_POINT('',(19.8605,18.774955678842));
#3369 = CARTESIAN_POINT('',(20.432,18.445));
#3370 = CARTESIAN_POINT('',(19.8605,18.115044321158));
#3371 = CARTESIAN_POINT('',(19.289,17.785088642316));
#3372 = CARTESIAN_POINT('',(19.289,18.445));
#3373 = ( GEOMETRIC_REPRESENTATION_CONTEXT(2) 
PARAMETRIC_REPRESENTATION_CONTEXT() REPRESENTATION_CONTEXT('2D SPACE',''
  ) );
#3374 = PCURVE('',#1928,#3375);
#3375 = DEFINITIONAL_REPRESENTATION('',(#3376),#3380);
#3376 = LINE('',#3377,#3378);
#3377 = CARTESIAN_POINT('',(0.,1.61));
#3378 = VECTOR('',#3379,1.);
#3379 = DIRECTION('',(1.,0.));
#3380 = ( GEOMETRIC_REPRESENTATION_CONTEXT(2) 
PARAMETRIC_REPRESENTATION_CONTEXT() REPRESENTATION_CONTEXT('2D SPACE',''
  ) );
#3381 = FACE_BOUND('',#3382,.F.);
#3382 = EDGE_LOOP('',(#3383));
#3383 = ORIENTED_EDGE('',*,*,#3384,.T.);
#3384 = EDGE_CURVE('',#3385,#3385,#3387,.T.);
#3385 = VERTEX_POINT('',#3386);
#3386 = CARTESIAN_POINT('',(-24.07,29.27,1.6));
#3387 = SURFACE_CURVE('',#3388,(#3393,#3404),.PCURVE_S1.);
#3388 = CIRCLE('',#3389,1.613103);
#3389 = AXIS2_PLACEMENT_3D('',#3390,#3391,#3392);
#3390 = CARTESIAN_POINT('',(-25.683103,29.27,1.6));
#3391 = DIRECTION('',(0.,0.,1.));
#3392 = DIRECTION('',(1.,0.,-0.));
#3393 = PCURVE('',#90,#3394);
#3394 = DEFINITIONAL_REPRESENTATION('',(#3395),#3403);
#3395 = ( BOUNDED_CURVE() B_SPLINE_CURVE(2,(#3396,#3397,#3398,#3399,
#3400,#3401,#3402),.UNSPECIFIED.,.T.,.F.) B_SPLINE_CURVE_WITH_KNOTS((1,2
    ,2,2,2,1),(-2.094395102393,0.,2.094395102393,4.188790204786,
6.28318530718,8.377580409573),.UNSPECIFIED.) CURVE() 
GEOMETRIC_REPRESENTATION_ITEM() RATIONAL_B_SPLINE_CURVE((1.,0.5,1.,0.5,
1.,0.5,1.)) REPRESENTATION_ITEM('') );
#3396 = CARTESIAN_POINT('',(22.09,17.455));
#3397 = CARTESIAN_POINT('',(22.09,20.248976353842));
#3398 = CARTESIAN_POINT('',(24.5096545,18.851988176921));
#3399 = CARTESIAN_POINT('',(26.929309,17.455));
#3400 = CARTESIAN_POINT('',(24.5096545,16.058011823079));
#3401 = CARTESIAN_POINT('',(22.09,14.661023646158));
#3402 = CARTESIAN_POINT('',(22.09,17.455));
#3403 = ( GEOMETRIC_REPRESENTATION_CONTEXT(2) 
PARAMETRIC_REPRESENTATION_CONTEXT() REPRESENTATION_CONTEXT('2D SPACE',''
  ) );
#3404 = PCURVE('',#1963,#3405);
#3405 = DEFINITIONAL_REPRESENTATION('',(#3406),#3410);
#3406 = LINE('',#3407,#3408);
#3407 = CARTESIAN_POINT('',(0.,1.6));
#3408 = VECTOR('',#3409,1.);
#3409 = DIRECTION('',(1.,0.));
#3410 = ( GEOMETRIC_REPRESENTATION_CONTEXT(2) 
PARAMETRIC_REPRESENTATION_CONTEXT() REPRESENTATION_CONTEXT('2D SPACE',''
  ) );
#3411 = ADVANCED_FACE('',(#3412),#177,.T.);
#3412 = FACE_BOUND('',#3413,.T.);
#3413 = EDGE_LOOP('',(#3414,#3415,#3416,#3417));
#3414 = ORIENTED_EDGE('',*,*,#259,.T.);
#3415 = ORIENTED_EDGE('',*,*,#1980,.T.);
#3416 = ORIENTED_EDGE('',*,*,#159,.F.);
#3417 = ORIENTED_EDGE('',*,*,#308,.F.);
#3418 = ADVANCED_FACE('',(#3419),#353,.F.);
#3419 = FACE_BOUND('',#3420,.F.);
#3420 = EDGE_LOOP('',(#3421,#3422,#3443,#3444));
#3421 = ORIENTED_EDGE('',*,*,#2004,.F.);
#3422 = ORIENTED_EDGE('',*,*,#3423,.F.);
#3423 = EDGE_CURVE('',#333,#2005,#3424,.T.);
#3424 = SEAM_CURVE('',#3425,(#3429,#3436),.PCURVE_S1.);
#3425 = LINE('',#3426,#3427);
#3426 = CARTESIAN_POINT('',(23.12,-6.41,-1.E-02));
#3427 = VECTOR('',#3428,1.);
#3428 = DIRECTION('',(0.,0.,1.));
#3429 = PCURVE('',#353,#3430);
#3430 = DEFINITIONAL_REPRESENTATION('',(#3431),#3435);
#3431 = LINE('',#3432,#3433);
#3432 = CARTESIAN_POINT('',(6.28318530718,-0.));
#3433 = VECTOR('',#3434,1.);
#3434 = DIRECTION('',(0.,1.));
#3435 = ( GEOMETRIC_REPRESENTATION_CONTEXT(2) 
PARAMETRIC_REPRESENTATION_CONTEXT() REPRESENTATION_CONTEXT('2D SPACE',''
  ) );
#3436 = PCURVE('',#353,#3437);
#3437 = DEFINITIONAL_REPRESENTATION('',(#3438),#3442);
#3438 = LINE('',#3439,#3440);
#3439 = CARTESIAN_POINT('',(0.,-0.));
#3440 = VECTOR('',#3441,1.);
#3441 = DIRECTION('',(0.,1.));
#3442 = ( GEOMETRIC_REPRESENTATION_CONTEXT(2) 
PARAMETRIC_REPRESENTATION_CONTEXT() REPRESENTATION_CONTEXT('2D SPACE',''
  ) );
#3443 = ORIENTED_EDGE('',*,*,#332,.T.);
#3444 = ORIENTED_EDGE('',*,*,#3423,.T.);
#3445 = ADVANCED_FACE('',(#3446),#388,.F.);
#3446 = FACE_BOUND('',#3447,.F.);
#3447 = EDGE_LOOP('',(#3448,#3449,#3470,#3471));
#3448 = ORIENTED_EDGE('',*,*,#2034,.F.);
#3449 = ORIENTED_EDGE('',*,*,#3450,.F.);
#3450 = EDGE_CURVE('',#368,#2035,#3451,.T.);
#3451 = SEAM_CURVE('',#3452,(#3456,#3463),.PCURVE_S1.);
#3452 = LINE('',#3453,#3454);
#3453 = CARTESIAN_POINT('',(23.12,-3.87,-1.E-02));
#3454 = VECTOR('',#3455,1.);
#3455 = DIRECTION('',(0.,0.,1.));
#3456 = PCURVE('',#388,#3457);
#3457 = DEFINITIONAL_REPRESENTATION('',(#3458),#3462);
#3458 = LINE('',#3459,#3460);
#3459 = CARTESIAN_POINT('',(6.28318530718,-0.));
#3460 = VECTOR('',#3461,1.);
#3461 = DIRECTION('',(0.,1.));
#3462 = ( GEOMETRIC_REPRESENTATION_CONTEXT(2) 
PARAMETRIC_REPRESENTATION_CONTEXT() REPRESENTATION_CONTEXT('2D SPACE',''
  ) );
#3463 = PCURVE('',#388,#3464);
#3464 = DEFINITIONAL_REPRESENTATION('',(#3465),#3469);
#3465 = LINE('',#3466,#3467);
#3466 = CARTESIAN_POINT('',(0.,-0.));
#3467 = VECTOR('',#3468,1.);
#3468 = DIRECTION('',(0.,1.));
#3469 = ( GEOMETRIC_REPRESENTATION_CONTEXT(2) 
PARAMETRIC_REPRESENTATION_CONTEXT() REPRESENTATION_CONTEXT('2D SPACE',''
  ) );
#3470 = ORIENTED_EDGE('',*,*,#367,.T.);
#3471 = ORIENTED_EDGE('',*,*,#3450,.T.);
#3472 = ADVANCED_FACE('',(#3473),#423,.F.);
#3473 = FACE_BOUND('',#3474,.F.);
#3474 = EDGE_LOOP('',(#3475,#3476,#3497,#3498));
#3475 = ORIENTED_EDGE('',*,*,#2064,.F.);
#3476 = ORIENTED_EDGE('',*,*,#3477,.F.);
#3477 = EDGE_CURVE('',#403,#2065,#3478,.T.);
#3478 = SEAM_CURVE('',#3479,(#3483,#3490),.PCURVE_S1.);
#3479 = LINE('',#3480,#3481);
#3480 = CARTESIAN_POINT('',(23.12,-1.33,-1.E-02));
#3481 = VECTOR('',#3482,1.);
#3482 = DIRECTION('',(0.,0.,1.));
#3483 = PCURVE('',#423,#3484);
#3484 = DEFINITIONAL_REPRESENTATION('',(#3485),#3489);
#3485 = LINE('',#3486,#3487);
#3486 = CARTESIAN_POINT('',(6.28318530718,-0.));
#3487 = VECTOR('',#3488,1.);
#3488 = DIRECTION('',(0.,1.));
#3489 = ( GEOMETRIC_REPRESENTATION_CONTEXT(2) 
PARAMETRIC_REPRESENTATION_CONTEXT() REPRESENTATION_CONTEXT('2D SPACE',''
  ) );
#3490 = PCURVE('',#423,#3491);
#3491 = DEFINITIONAL_REPRESENTATION('',(#3492),#3496);
#3492 = LINE('',#3493,#3494);
#3493 = CARTESIAN_POINT('',(0.,-0.));
#3494 = VECTOR('',#3495,1.);
#3495 = DIRECTION('',(0.,1.));
#3496 = ( GEOMETRIC_REPRESENTATION_CONTEXT(2) 
PARAMETRIC_REPRESENTATION_CONTEXT() REPRESENTATION_CONTEXT('2D SPACE',''
  ) );
#3497 = ORIENTED_EDGE('',*,*,#402,.T.);
#3498 = ORIENTED_EDGE('',*,*,#3477,.T.);
#3499 = ADVANCED_FACE('',(#3500),#458,.F.);
#3500 = FACE_BOUND('',#3501,.F.);
#3501 = EDGE_LOOP('',(#3502,#3503,#3524,#3525));
#3502 = ORIENTED_EDGE('',*,*,#2094,.F.);
#3503 = ORIENTED_EDGE('',*,*,#3504,.F.);
#3504 = EDGE_CURVE('',#438,#2095,#3505,.T.);
#3505 = SEAM_CURVE('',#3506,(#3510,#3517),.PCURVE_S1.);
#3506 = LINE('',#3507,#3508);
#3507 = CARTESIAN_POINT('',(23.12,1.21,-1.E-02));
#3508 = VECTOR('',#3509,1.);
#3509 = DIRECTION('',(0.,0.,1.));
#3510 = PCURVE('',#458,#3511);
#3511 = DEFINITIONAL_REPRESENTATION('',(#3512),#3516);
#3512 = LINE('',#3513,#3514);
#3513 = CARTESIAN_POINT('',(6.28318530718,-0.));
#3514 = VECTOR('',#3515,1.);
#3515 = DIRECTION('',(0.,1.));
#3516 = ( GEOMETRIC_REPRESENTATION_CONTEXT(2) 
PARAMETRIC_REPRESENTATION_CONTEXT() REPRESENTATION_CONTEXT('2D SPACE',''
  ) );
#3517 = PCURVE('',#458,#3518);
#3518 = DEFINITIONAL_REPRESENTATION('',(#3519),#3523);
#3519 = LINE('',#3520,#3521);
#3520 = CARTESIAN_POINT('',(0.,-0.));
#3521 = VECTOR('',#3522,1.);
#3522 = DIRECTION('',(0.,1.));
#3523 = ( GEOMETRIC_REPRESENTATION_CONTEXT(2) 
PARAMETRIC_REPRESENTATION_CONTEXT() REPRESENTATION_CONTEXT('2D SPACE',''
  ) );
#3524 = ORIENTED_EDGE('',*,*,#437,.T.);
#3525 = ORIENTED_EDGE('',*,*,#3504,.T.);
#3526 = ADVANCED_FACE('',(#3527),#493,.F.);
#3527 = FACE_BOUND('',#3528,.F.);
#3528 = EDGE_LOOP('',(#3529,#3530,#3551,#3552));
#3529 = ORIENTED_EDGE('',*,*,#2124,.F.);
#3530 = ORIENTED_EDGE('',*,*,#3531,.F.);
#3531 = EDGE_CURVE('',#473,#2125,#3532,.T.);
#3532 = SEAM_CURVE('',#3533,(#3537,#3544),.PCURVE_S1.);
#3533 = LINE('',#3534,#3535);
#3534 = CARTESIAN_POINT('',(17.555,-1.13,-1.E-02));
#3535 = VECTOR('',#3536,1.);
#3536 = DIRECTION('',(0.,0.,1.));
#3537 = PCURVE('',#493,#3538);
#3538 = DEFINITIONAL_REPRESENTATION('',(#3539),#3543);
#3539 = LINE('',#3540,#3541);
#3540 = CARTESIAN_POINT('',(6.28318530718,-0.));
#3541 = VECTOR('',#3542,1.);
#3542 = DIRECTION('',(0.,1.));
#3543 = ( GEOMETRIC_REPRESENTATION_CONTEXT(2) 
PARAMETRIC_REPRESENTATION_CONTEXT() REPRESENTATION_CONTEXT('2D SPACE',''
  ) );
#3544 = PCURVE('',#493,#3545);
#3545 = DEFINITIONAL_REPRESENTATION('',(#3546),#3550);
#3546 = LINE('',#3547,#3548);
#3547 = CARTESIAN_POINT('',(0.,-0.));
#3548 = VECTOR('',#3549,1.);
#3549 = DIRECTION('',(0.,1.));
#3550 = ( GEOMETRIC_REPRESENTATION_CONTEXT(2) 
PARAMETRIC_REPRESENTATION_CONTEXT() REPRESENTATION_CONTEXT('2D SPACE',''
  ) );
#3551 = ORIENTED_EDGE('',*,*,#472,.T.);
#3552 = ORIENTED_EDGE('',*,*,#3531,.T.);
#3553 = ADVANCED_FACE('',(#3554),#528,.F.);
#3554 = FACE_BOUND('',#3555,.F.);
#3555 = EDGE_LOOP('',(#3556,#3557,#3578,#3579));
#3556 = ORIENTED_EDGE('',*,*,#2154,.F.);
#3557 = ORIENTED_EDGE('',*,*,#3558,.F.);
#3558 = EDGE_CURVE('',#508,#2155,#3559,.T.);
#3559 = SEAM_CURVE('',#3560,(#3564,#3571),.PCURVE_S1.);
#3560 = LINE('',#3561,#3562);
#3561 = CARTESIAN_POINT('',(15.015,-1.13,-1.E-02));
#3562 = VECTOR('',#3563,1.);
#3563 = DIRECTION('',(0.,0.,1.));
#3564 = PCURVE('',#528,#3565);
#3565 = DEFINITIONAL_REPRESENTATION('',(#3566),#3570);
#3566 = LINE('',#3567,#3568);
#3567 = CARTESIAN_POINT('',(6.28318530718,-0.));
#3568 = VECTOR('',#3569,1.);
#3569 = DIRECTION('',(0.,1.));
#3570 = ( GEOMETRIC_REPRESENTATION_CONTEXT(2) 
PARAMETRIC_REPRESENTATION_CONTEXT() REPRESENTATION_CONTEXT('2D SPACE',''
  ) );
#3571 = PCURVE('',#528,#3572);
#3572 = DEFINITIONAL_REPRESENTATION('',(#3573),#3577);
#3573 = LINE('',#3574,#3575);
#3574 = CARTESIAN_POINT('',(0.,-0.));
#3575 = VECTOR('',#3576,1.);
#3576 = DIRECTION('',(0.,1.));
#3577 = ( GEOMETRIC_REPRESENTATION_CONTEXT(2) 
PARAMETRIC_REPRESENTATION_CONTEXT() REPRESENTATION_CONTEXT('2D SPACE',''
  ) );
#3578 = ORIENTED_EDGE('',*,*,#507,.T.);
#3579 = ORIENTED_EDGE('',*,*,#3558,.T.);
#3580 = ADVANCED_FACE('',(#3581),#563,.F.);
#3581 = FACE_BOUND('',#3582,.F.);
#3582 = EDGE_LOOP('',(#3583,#3584,#3605,#3606));
#3583 = ORIENTED_EDGE('',*,*,#2184,.F.);
#3584 = ORIENTED_EDGE('',*,*,#3585,.F.);
#3585 = EDGE_CURVE('',#543,#2185,#3586,.T.);
#3586 = SEAM_CURVE('',#3587,(#3591,#3598),.PCURVE_S1.);
#3587 = LINE('',#3588,#3589);
#3588 = CARTESIAN_POINT('',(12.475,-1.13,-1.E-02));
#3589 = VECTOR('',#3590,1.);
#3590 = DIRECTION('',(0.,0.,1.));
#3591 = PCURVE('',#563,#3592);
#3592 = DEFINITIONAL_REPRESENTATION('',(#3593),#3597);
#3593 = LINE('',#3594,#3595);
#3594 = CARTESIAN_POINT('',(6.28318530718,-0.));
#3595 = VECTOR('',#3596,1.);
#3596 = DIRECTION('',(0.,1.));
#3597 = ( GEOMETRIC_REPRESENTATION_CONTEXT(2) 
PARAMETRIC_REPRESENTATION_CONTEXT() REPRESENTATION_CONTEXT('2D SPACE',''
  ) );
#3598 = PCURVE('',#563,#3599);
#3599 = DEFINITIONAL_REPRESENTATION('',(#3600),#3604);
#3600 = LINE('',#3601,#3602);
#3601 = CARTESIAN_POINT('',(0.,-0.));
#3602 = VECTOR('',#3603,1.);
#3603 = DIRECTION('',(0.,1.));
#3604 = ( GEOMETRIC_REPRESENTATION_CONTEXT(2) 
PARAMETRIC_REPRESENTATION_CONTEXT() REPRESENTATION_CONTEXT('2D SPACE',''
  ) );
#3605 = ORIENTED_EDGE('',*,*,#542,.T.);
#3606 = ORIENTED_EDGE('',*,*,#3585,.T.);
#3607 = ADVANCED_FACE('',(#3608),#598,.F.);
#3608 = FACE_BOUND('',#3609,.F.);
#3609 = EDGE_LOOP('',(#3610,#3611,#3632,#3633));
#3610 = ORIENTED_EDGE('',*,*,#2214,.F.);
#3611 = ORIENTED_EDGE('',*,*,#3612,.F.);
#3612 = EDGE_CURVE('',#578,#2215,#3613,.T.);
#3613 = SEAM_CURVE('',#3614,(#3618,#3625),.PCURVE_S1.);
#3614 = LINE('',#3615,#3616);
#3615 = CARTESIAN_POINT('',(9.935,-1.13,-1.E-02));
#3616 = VECTOR('',#3617,1.);
#3617 = DIRECTION('',(0.,0.,1.));
#3618 = PCURVE('',#598,#3619);
#3619 = DEFINITIONAL_REPRESENTATION('',(#3620),#3624);
#3620 = LINE('',#3621,#3622);
#3621 = CARTESIAN_POINT('',(6.28318530718,-0.));
#3622 = VECTOR('',#3623,1.);
#3623 = DIRECTION('',(0.,1.));
#3624 = ( GEOMETRIC_REPRESENTATION_CONTEXT(2) 
PARAMETRIC_REPRESENTATION_CONTEXT() REPRESENTATION_CONTEXT('2D SPACE',''
  ) );
#3625 = PCURVE('',#598,#3626);
#3626 = DEFINITIONAL_REPRESENTATION('',(#3627),#3631);
#3627 = LINE('',#3628,#3629);
#3628 = CARTESIAN_POINT('',(0.,-0.));
#3629 = VECTOR('',#3630,1.);
#3630 = DIRECTION('',(0.,1.));
#3631 = ( GEOMETRIC_REPRESENTATION_CONTEXT(2) 
PARAMETRIC_REPRESENTATION_CONTEXT() REPRESENTATION_CONTEXT('2D SPACE',''
  ) );
#3632 = ORIENTED_EDGE('',*,*,#577,.T.);
#3633 = ORIENTED_EDGE('',*,*,#3612,.T.);
#3634 = ADVANCED_FACE('',(#3635),#633,.F.);
#3635 = FACE_BOUND('',#3636,.F.);
#3636 = EDGE_LOOP('',(#3637,#3638,#3659,#3660));
#3637 = ORIENTED_EDGE('',*,*,#2244,.F.);
#3638 = ORIENTED_EDGE('',*,*,#3639,.F.);
#3639 = EDGE_CURVE('',#613,#2245,#3640,.T.);
#3640 = SEAM_CURVE('',#3641,(#3645,#3652),.PCURVE_S1.);
#3641 = LINE('',#3642,#3643);
#3642 = CARTESIAN_POINT('',(7.395,-1.13,-1.E-02));
#3643 = VECTOR('',#3644,1.);
#3644 = DIRECTION('',(0.,0.,1.));
#3645 = PCURVE('',#633,#3646);
#3646 = DEFINITIONAL_REPRESENTATION('',(#3647),#3651);
#3647 = LINE('',#3648,#3649);
#3648 = CARTESIAN_POINT('',(6.28318530718,-0.));
#3649 = VECTOR('',#3650,1.);
#3650 = DIRECTION('',(0.,1.));
#3651 = ( GEOMETRIC_REPRESENTATION_CONTEXT(2) 
PARAMETRIC_REPRESENTATION_CONTEXT() REPRESENTATION_CONTEXT('2D SPACE',''
  ) );
#3652 = PCURVE('',#633,#3653);
#3653 = DEFINITIONAL_REPRESENTATION('',(#3654),#3658);
#3654 = LINE('',#3655,#3656);
#3655 = CARTESIAN_POINT('',(0.,-0.));
#3656 = VECTOR('',#3657,1.);
#3657 = DIRECTION('',(0.,1.));
#3658 = ( GEOMETRIC_REPRESENTATION_CONTEXT(2) 
PARAMETRIC_REPRESENTATION_CONTEXT() REPRESENTATION_CONTEXT('2D SPACE',''
  ) );
#3659 = ORIENTED_EDGE('',*,*,#612,.T.);
#3660 = ORIENTED_EDGE('',*,*,#3639,.T.);
#3661 = ADVANCED_FACE('',(#3662),#668,.F.);
#3662 = FACE_BOUND('',#3663,.F.);
#3663 = EDGE_LOOP('',(#3664,#3665,#3686,#3687));
#3664 = ORIENTED_EDGE('',*,*,#2274,.F.);
#3665 = ORIENTED_EDGE('',*,*,#3666,.F.);
#3666 = EDGE_CURVE('',#648,#2275,#3667,.T.);
#3667 = SEAM_CURVE('',#3668,(#3672,#3679),.PCURVE_S1.);
#3668 = LINE('',#3669,#3670);
#3669 = CARTESIAN_POINT('',(23.423103,5.846897,0.));
#3670 = VECTOR('',#3671,1.);
#3671 = DIRECTION('',(0.,0.,1.));
#3672 = PCURVE('',#668,#3673);
#3673 = DEFINITIONAL_REPRESENTATION('',(#3674),#3678);
#3674 = LINE('',#3675,#3676);
#3675 = CARTESIAN_POINT('',(6.28318530718,-0.));
#3676 = VECTOR('',#3677,1.);
#3677 = DIRECTION('',(0.,1.));
#3678 = ( GEOMETRIC_REPRESENTATION_CONTEXT(2) 
PARAMETRIC_REPRESENTATION_CONTEXT() REPRESENTATION_CONTEXT('2D SPACE',''
  ) );
#3679 = PCURVE('',#668,#3680);
#3680 = DEFINITIONAL_REPRESENTATION('',(#3681),#3685);
#3681 = LINE('',#3682,#3683);
#3682 = CARTESIAN_POINT('',(0.,-0.));
#3683 = VECTOR('',#3684,1.);
#3684 = DIRECTION('',(0.,1.));
#3685 = ( GEOMETRIC_REPRESENTATION_CONTEXT(2) 
PARAMETRIC_REPRESENTATION_CONTEXT() REPRESENTATION_CONTEXT('2D SPACE',''
  ) );
#3686 = ORIENTED_EDGE('',*,*,#647,.T.);
#3687 = ORIENTED_EDGE('',*,*,#3666,.T.);
#3688 = ADVANCED_FACE('',(#3689),#703,.F.);
#3689 = FACE_BOUND('',#3690,.F.);
#3690 = EDGE_LOOP('',(#3691,#3692,#3713,#3714));
#3691 = ORIENTED_EDGE('',*,*,#2304,.F.);
#3692 = ORIENTED_EDGE('',*,*,#3693,.F.);
#3693 = EDGE_CURVE('',#683,#2305,#3694,.T.);
#3694 = SEAM_CURVE('',#3695,(#3699,#3706),.PCURVE_S1.);
#3695 = LINE('',#3696,#3697);
#3696 = CARTESIAN_POINT('',(14.291,4.86,-1.E-02));
#3697 = VECTOR('',#3698,1.);
#3698 = DIRECTION('',(0.,0.,1.));
#3699 = PCURVE('',#703,#3700);
#3700 = DEFINITIONAL_REPRESENTATION('',(#3701),#3705);
#3701 = LINE('',#3702,#3703);
#3702 = CARTESIAN_POINT('',(6.28318530718,-0.));
#3703 = VECTOR('',#3704,1.);
#3704 = DIRECTION('',(0.,1.));
#3705 = ( GEOMETRIC_REPRESENTATION_CONTEXT(2) 
PARAMETRIC_REPRESENTATION_CONTEXT() REPRESENTATION_CONTEXT('2D SPACE',''
  ) );
#3706 = PCURVE('',#703,#3707);
#3707 = DEFINITIONAL_REPRESENTATION('',(#3708),#3712);
#3708 = LINE('',#3709,#3710);
#3709 = CARTESIAN_POINT('',(0.,-0.));
#3710 = VECTOR('',#3711,1.);
#3711 = DIRECTION('',(0.,1.));
#3712 = ( GEOMETRIC_REPRESENTATION_CONTEXT(2) 
PARAMETRIC_REPRESENTATION_CONTEXT() REPRESENTATION_CONTEXT('2D SPACE',''
  ) );
#3713 = ORIENTED_EDGE('',*,*,#682,.T.);
#3714 = ORIENTED_EDGE('',*,*,#3693,.T.);
#3715 = ADVANCED_FACE('',(#3716),#738,.F.);
#3716 = FACE_BOUND('',#3717,.F.);
#3717 = EDGE_LOOP('',(#3718,#3719,#3740,#3741));
#3718 = ORIENTED_EDGE('',*,*,#2334,.F.);
#3719 = ORIENTED_EDGE('',*,*,#3720,.F.);
#3720 = EDGE_CURVE('',#718,#2335,#3721,.T.);
#3721 = SEAM_CURVE('',#3722,(#3726,#3733),.PCURVE_S1.);
#3722 = LINE('',#3723,#3724);
#3723 = CARTESIAN_POINT('',(11.751,4.86,-1.E-02));
#3724 = VECTOR('',#3725,1.);
#3725 = DIRECTION('',(0.,0.,1.));
#3726 = PCURVE('',#738,#3727);
#3727 = DEFINITIONAL_REPRESENTATION('',(#3728),#3732);
#3728 = LINE('',#3729,#3730);
#3729 = CARTESIAN_POINT('',(6.28318530718,-0.));
#3730 = VECTOR('',#3731,1.);
#3731 = DIRECTION('',(0.,1.));
#3732 = ( GEOMETRIC_REPRESENTATION_CONTEXT(2) 
PARAMETRIC_REPRESENTATION_CONTEXT() REPRESENTATION_CONTEXT('2D SPACE',''
  ) );
#3733 = PCURVE('',#738,#3734);
#3734 = DEFINITIONAL_REPRESENTATION('',(#3735),#3739);
#3735 = LINE('',#3736,#3737);
#3736 = CARTESIAN_POINT('',(0.,-0.));
#3737 = VECTOR('',#3738,1.);
#3738 = DIRECTION('',(0.,1.));
#3739 = ( GEOMETRIC_REPRESENTATION_CONTEXT(2) 
PARAMETRIC_REPRESENTATION_CONTEXT() REPRESENTATION_CONTEXT('2D SPACE',''
  ) );
#3740 = ORIENTED_EDGE('',*,*,#717,.T.);
#3741 = ORIENTED_EDGE('',*,*,#3720,.T.);
#3742 = ADVANCED_FACE('',(#3743),#773,.F.);
#3743 = FACE_BOUND('',#3744,.F.);
#3744 = EDGE_LOOP('',(#3745,#3746,#3767,#3768));
#3745 = ORIENTED_EDGE('',*,*,#2364,.F.);
#3746 = ORIENTED_EDGE('',*,*,#3747,.F.);
#3747 = EDGE_CURVE('',#753,#2365,#3748,.T.);
#3748 = SEAM_CURVE('',#3749,(#3753,#3760),.PCURVE_S1.);
#3749 = LINE('',#3750,#3751);
#3750 = CARTESIAN_POINT('',(9.211,4.86,-1.E-02));
#3751 = VECTOR('',#3752,1.);
#3752 = DIRECTION('',(0.,0.,1.));
#3753 = PCURVE('',#773,#3754);
#3754 = DEFINITIONAL_REPRESENTATION('',(#3755),#3759);
#3755 = LINE('',#3756,#3757);
#3756 = CARTESIAN_POINT('',(6.28318530718,-0.));
#3757 = VECTOR('',#3758,1.);
#3758 = DIRECTION('',(0.,1.));
#3759 = ( GEOMETRIC_REPRESENTATION_CONTEXT(2) 
PARAMETRIC_REPRESENTATION_CONTEXT() REPRESENTATION_CONTEXT('2D SPACE',''
  ) );
#3760 = PCURVE('',#773,#3761);
#3761 = DEFINITIONAL_REPRESENTATION('',(#3762),#3766);
#3762 = LINE('',#3763,#3764);
#3763 = CARTESIAN_POINT('',(0.,-0.));
#3764 = VECTOR('',#3765,1.);
#3765 = DIRECTION('',(0.,1.));
#3766 = ( GEOMETRIC_REPRESENTATION_CONTEXT(2) 
PARAMETRIC_REPRESENTATION_CONTEXT() REPRESENTATION_CONTEXT('2D SPACE',''
  ) );
#3767 = ORIENTED_EDGE('',*,*,#752,.T.);
#3768 = ORIENTED_EDGE('',*,*,#3747,.T.);
#3769 = ADVANCED_FACE('',(#3770),#808,.F.);
#3770 = FACE_BOUND('',#3771,.F.);
#3771 = EDGE_LOOP('',(#3772,#3773,#3794,#3795));
#3772 = ORIENTED_EDGE('',*,*,#2394,.F.);
#3773 = ORIENTED_EDGE('',*,*,#3774,.F.);
#3774 = EDGE_CURVE('',#788,#2395,#3775,.T.);
#3775 = SEAM_CURVE('',#3776,(#3780,#3787),.PCURVE_S1.);
#3776 = LINE('',#3777,#3778);
#3777 = CARTESIAN_POINT('',(6.671,4.86,-1.E-02));
#3778 = VECTOR('',#3779,1.);
#3779 = DIRECTION('',(0.,0.,1.));
#3780 = PCURVE('',#808,#3781);
#3781 = DEFINITIONAL_REPRESENTATION('',(#3782),#3786);
#3782 = LINE('',#3783,#3784);
#3783 = CARTESIAN_POINT('',(6.28318530718,-0.));
#3784 = VECTOR('',#3785,1.);
#3785 = DIRECTION('',(0.,1.));
#3786 = ( GEOMETRIC_REPRESENTATION_CONTEXT(2) 
PARAMETRIC_REPRESENTATION_CONTEXT() REPRESENTATION_CONTEXT('2D SPACE',''
  ) );
#3787 = PCURVE('',#808,#3788);
#3788 = DEFINITIONAL_REPRESENTATION('',(#3789),#3793);
#3789 = LINE('',#3790,#3791);
#3790 = CARTESIAN_POINT('',(0.,-0.));
#3791 = VECTOR('',#3792,1.);
#3792 = DIRECTION('',(0.,1.));
#3793 = ( GEOMETRIC_REPRESENTATION_CONTEXT(2) 
PARAMETRIC_REPRESENTATION_CONTEXT() REPRESENTATION_CONTEXT('2D SPACE',''
  ) );
#3794 = ORIENTED_EDGE('',*,*,#787,.T.);
#3795 = ORIENTED_EDGE('',*,*,#3774,.T.);
#3796 = ADVANCED_FACE('',(#3797),#843,.F.);
#3797 = FACE_BOUND('',#3798,.F.);
#3798 = EDGE_LOOP('',(#3799,#3800,#3821,#3822));
#3799 = ORIENTED_EDGE('',*,*,#2424,.F.);
#3800 = ORIENTED_EDGE('',*,*,#3801,.F.);
#3801 = EDGE_CURVE('',#823,#2425,#3802,.T.);
#3802 = SEAM_CURVE('',#3803,(#3807,#3814),.PCURVE_S1.);
#3803 = LINE('',#3804,#3805);
#3804 = CARTESIAN_POINT('',(4.131,4.86,-1.E-02));
#3805 = VECTOR('',#3806,1.);
#3806 = DIRECTION('',(0.,0.,1.));
#3807 = PCURVE('',#843,#3808);
#3808 = DEFINITIONAL_REPRESENTATION('',(#3809),#3813);
#3809 = LINE('',#3810,#3811);
#3810 = CARTESIAN_POINT('',(6.28318530718,-0.));
#3811 = VECTOR('',#3812,1.);
#3812 = DIRECTION('',(0.,1.));
#3813 = ( GEOMETRIC_REPRESENTATION_CONTEXT(2) 
PARAMETRIC_REPRESENTATION_CONTEXT() REPRESENTATION_CONTEXT('2D SPACE',''
  ) );
#3814 = PCURVE('',#843,#3815);
#3815 = DEFINITIONAL_REPRESENTATION('',(#3816),#3820);
#3816 = LINE('',#3817,#3818);
#3817 = CARTESIAN_POINT('',(0.,-0.));
#3818 = VECTOR('',#3819,1.);
#3819 = DIRECTION('',(0.,1.));
#3820 = ( GEOMETRIC_REPRESENTATION_CONTEXT(2) 
PARAMETRIC_REPRESENTATION_CONTEXT() REPRESENTATION_CONTEXT('2D SPACE',''
  ) );
#3821 = ORIENTED_EDGE('',*,*,#822,.T.);
#3822 = ORIENTED_EDGE('',*,*,#3801,.T.);
#3823 = ADVANCED_FACE('',(#3824),#878,.F.);
#3824 = FACE_BOUND('',#3825,.F.);
#3825 = EDGE_LOOP('',(#3826,#3827,#3848,#3849));
#3826 = ORIENTED_EDGE('',*,*,#2454,.F.);
#3827 = ORIENTED_EDGE('',*,*,#3828,.F.);
#3828 = EDGE_CURVE('',#858,#2455,#3829,.T.);
#3829 = SEAM_CURVE('',#3830,(#3834,#3841),.PCURVE_S1.);
#3830 = LINE('',#3831,#3832);
#3831 = CARTESIAN_POINT('',(1.591,4.86,-1.E-02));
#3832 = VECTOR('',#3833,1.);
#3833 = DIRECTION('',(0.,0.,1.));
#3834 = PCURVE('',#878,#3835);
#3835 = DEFINITIONAL_REPRESENTATION('',(#3836),#3840);
#3836 = LINE('',#3837,#3838);
#3837 = CARTESIAN_POINT('',(6.28318530718,-0.));
#3838 = VECTOR('',#3839,1.);
#3839 = DIRECTION('',(0.,1.));
#3840 = ( GEOMETRIC_REPRESENTATION_CONTEXT(2) 
PARAMETRIC_REPRESENTATION_CONTEXT() REPRESENTATION_CONTEXT('2D SPACE',''
  ) );
#3841 = PCURVE('',#878,#3842);
#3842 = DEFINITIONAL_REPRESENTATION('',(#3843),#3847);
#3843 = LINE('',#3844,#3845);
#3844 = CARTESIAN_POINT('',(0.,-0.));
#3845 = VECTOR('',#3846,1.);
#3846 = DIRECTION('',(0.,1.));
#3847 = ( GEOMETRIC_REPRESENTATION_CONTEXT(2) 
PARAMETRIC_REPRESENTATION_CONTEXT() REPRESENTATION_CONTEXT('2D SPACE',''
  ) );
#3848 = ORIENTED_EDGE('',*,*,#857,.T.);
#3849 = ORIENTED_EDGE('',*,*,#3828,.T.);
#3850 = ADVANCED_FACE('',(#3851),#913,.F.);
#3851 = FACE_BOUND('',#3852,.F.);
#3852 = EDGE_LOOP('',(#3853,#3854,#3875,#3876));
#3853 = ORIENTED_EDGE('',*,*,#2484,.F.);
#3854 = ORIENTED_EDGE('',*,*,#3855,.F.);
#3855 = EDGE_CURVE('',#893,#2485,#3856,.T.);
#3856 = SEAM_CURVE('',#3857,(#3861,#3868),.PCURVE_S1.);
#3857 = LINE('',#3858,#3859);
#3858 = CARTESIAN_POINT('',(-0.949,4.86,-1.E-02));
#3859 = VECTOR('',#3860,1.);
#3860 = DIRECTION('',(0.,0.,1.));
#3861 = PCURVE('',#913,#3862);
#3862 = DEFINITIONAL_REPRESENTATION('',(#3863),#3867);
#3863 = LINE('',#3864,#3865);
#3864 = CARTESIAN_POINT('',(6.28318530718,-0.));
#3865 = VECTOR('',#3866,1.);
#3866 = DIRECTION('',(0.,1.));
#3867 = ( GEOMETRIC_REPRESENTATION_CONTEXT(2) 
PARAMETRIC_REPRESENTATION_CONTEXT() REPRESENTATION_CONTEXT('2D SPACE',''
  ) );
#3868 = PCURVE('',#913,#3869);
#3869 = DEFINITIONAL_REPRESENTATION('',(#3870),#3874);
#3870 = LINE('',#3871,#3872);
#3871 = CARTESIAN_POINT('',(0.,-0.));
#3872 = VECTOR('',#3873,1.);
#3873 = DIRECTION('',(0.,1.));
#3874 = ( GEOMETRIC_REPRESENTATION_CONTEXT(2) 
PARAMETRIC_REPRESENTATION_CONTEXT() REPRESENTATION_CONTEXT('2D SPACE',''
  ) );
#3875 = ORIENTED_EDGE('',*,*,#892,.T.);
#3876 = ORIENTED_EDGE('',*,*,#3855,.T.);
#3877 = ADVANCED_FACE('',(#3878),#948,.F.);
#3878 = FACE_BOUND('',#3879,.F.);
#3879 = EDGE_LOOP('',(#3880,#3881,#3902,#3903));
#3880 = ORIENTED_EDGE('',*,*,#2514,.F.);
#3881 = ORIENTED_EDGE('',*,*,#3882,.F.);
#3882 = EDGE_CURVE('',#928,#2515,#3883,.T.);
#3883 = SEAM_CURVE('',#3884,(#3888,#3895),.PCURVE_S1.);
#3884 = LINE('',#3885,#3886);
#3885 = CARTESIAN_POINT('',(-21.365,-6.58,-1.E-02));
#3886 = VECTOR('',#3887,1.);
#3887 = DIRECTION('',(0.,0.,1.));
#3888 = PCURVE('',#948,#3889);
#3889 = DEFINITIONAL_REPRESENTATION('',(#3890),#3894);
#3890 = LINE('',#3891,#3892);
#3891 = CARTESIAN_POINT('',(6.28318530718,-0.));
#3892 = VECTOR('',#3893,1.);
#3893 = DIRECTION('',(0.,1.));
#3894 = ( GEOMETRIC_REPRESENTATION_CONTEXT(2) 
PARAMETRIC_REPRESENTATION_CONTEXT() REPRESENTATION_CONTEXT('2D SPACE',''
  ) );
#3895 = PCURVE('',#948,#3896);
#3896 = DEFINITIONAL_REPRESENTATION('',(#3897),#3901);
#3897 = LINE('',#3898,#3899);
#3898 = CARTESIAN_POINT('',(0.,-0.));
#3899 = VECTOR('',#3900,1.);
#3900 = DIRECTION('',(0.,1.));
#3901 = ( GEOMETRIC_REPRESENTATION_CONTEXT(2) 
PARAMETRIC_REPRESENTATION_CONTEXT() REPRESENTATION_CONTEXT('2D SPACE',''
  ) );
#3902 = ORIENTED_EDGE('',*,*,#927,.T.);
#3903 = ORIENTED_EDGE('',*,*,#3882,.T.);
#3904 = ADVANCED_FACE('',(#3905),#983,.F.);
#3905 = FACE_BOUND('',#3906,.F.);
#3906 = EDGE_LOOP('',(#3907,#3908,#3929,#3930));
#3907 = ORIENTED_EDGE('',*,*,#2544,.F.);
#3908 = ORIENTED_EDGE('',*,*,#3909,.F.);
#3909 = EDGE_CURVE('',#963,#2545,#3910,.T.);
#3910 = SEAM_CURVE('',#3911,(#3915,#3922),.PCURVE_S1.);
#3911 = LINE('',#3912,#3913);
#3912 = CARTESIAN_POINT('',(-26.445,-6.58,-1.E-02));
#3913 = VECTOR('',#3914,1.);
#3914 = DIRECTION('',(0.,0.,1.));
#3915 = PCURVE('',#983,#3916);
#3916 = DEFINITIONAL_REPRESENTATION('',(#3917),#3921);
#3917 = LINE('',#3918,#3919);
#3918 = CARTESIAN_POINT('',(6.28318530718,-0.));
#3919 = VECTOR('',#3920,1.);
#3920 = DIRECTION('',(0.,1.));
#3921 = ( GEOMETRIC_REPRESENTATION_CONTEXT(2) 
PARAMETRIC_REPRESENTATION_CONTEXT() REPRESENTATION_CONTEXT('2D SPACE',''
  ) );
#3922 = PCURVE('',#983,#3923);
#3923 = DEFINITIONAL_REPRESENTATION('',(#3924),#3928);
#3924 = LINE('',#3925,#3926);
#3925 = CARTESIAN_POINT('',(0.,-0.));
#3926 = VECTOR('',#3927,1.);
#3927 = DIRECTION('',(0.,1.));
#3928 = ( GEOMETRIC_REPRESENTATION_CONTEXT(2) 
PARAMETRIC_REPRESENTATION_CONTEXT() REPRESENTATION_CONTEXT('2D SPACE',''
  ) );
#3929 = ORIENTED_EDGE('',*,*,#962,.T.);
#3930 = ORIENTED_EDGE('',*,*,#3909,.T.);
#3931 = ADVANCED_FACE('',(#3932),#1018,.F.);
#3932 = FACE_BOUND('',#3933,.F.);
#3933 = EDGE_LOOP('',(#3934,#3935,#3956,#3957));
#3934 = ORIENTED_EDGE('',*,*,#2574,.F.);
#3935 = ORIENTED_EDGE('',*,*,#3936,.F.);
#3936 = EDGE_CURVE('',#998,#2575,#3937,.T.);
#3937 = SEAM_CURVE('',#3938,(#3942,#3949),.PCURVE_S1.);
#3938 = LINE('',#3939,#3940);
#3939 = CARTESIAN_POINT('',(-21.295,0.2,-1.E-02));
#3940 = VECTOR('',#3941,1.);
#3941 = DIRECTION('',(0.,0.,1.));
#3942 = PCURVE('',#1018,#3943);
#3943 = DEFINITIONAL_REPRESENTATION('',(#3944),#3948);
#3944 = LINE('',#3945,#3946);
#3945 = CARTESIAN_POINT('',(6.28318530718,-0.));
#3946 = VECTOR('',#3947,1.);
#3947 = DIRECTION('',(0.,1.));
#3948 = ( GEOMETRIC_REPRESENTATION_CONTEXT(2) 
PARAMETRIC_REPRESENTATION_CONTEXT() REPRESENTATION_CONTEXT('2D SPACE',''
  ) );
#3949 = PCURVE('',#1018,#3950);
#3950 = DEFINITIONAL_REPRESENTATION('',(#3951),#3955);
#3951 = LINE('',#3952,#3953);
#3952 = CARTESIAN_POINT('',(0.,-0.));
#3953 = VECTOR('',#3954,1.);
#3954 = DIRECTION('',(0.,1.));
#3955 = ( GEOMETRIC_REPRESENTATION_CONTEXT(2) 
PARAMETRIC_REPRESENTATION_CONTEXT() REPRESENTATION_CONTEXT('2D SPACE',''
  ) );
#3956 = ORIENTED_EDGE('',*,*,#997,.T.);
#3957 = ORIENTED_EDGE('',*,*,#3936,.T.);
#3958 = ADVANCED_FACE('',(#3959),#1053,.F.);
#3959 = FACE_BOUND('',#3960,.F.);
#3960 = EDGE_LOOP('',(#3961,#3962,#3983,#3984));
#3961 = ORIENTED_EDGE('',*,*,#2604,.F.);
#3962 = ORIENTED_EDGE('',*,*,#3963,.F.);
#3963 = EDGE_CURVE('',#1033,#2605,#3964,.T.);
#3964 = SEAM_CURVE('',#3965,(#3969,#3976),.PCURVE_S1.);
#3965 = LINE('',#3966,#3967);
#3966 = CARTESIAN_POINT('',(-26.375,0.2,-1.E-02));
#3967 = VECTOR('',#3968,1.);
#3968 = DIRECTION('',(0.,0.,1.));
#3969 = PCURVE('',#1053,#3970);
#3970 = DEFINITIONAL_REPRESENTATION('',(#3971),#3975);
#3971 = LINE('',#3972,#3973);
#3972 = CARTESIAN_POINT('',(6.28318530718,-0.));
#3973 = VECTOR('',#3974,1.);
#3974 = DIRECTION('',(0.,1.));
#3975 = ( GEOMETRIC_REPRESENTATION_CONTEXT(2) 
PARAMETRIC_REPRESENTATION_CONTEXT() REPRESENTATION_CONTEXT('2D SPACE',''
  ) );
#3976 = PCURVE('',#1053,#3977);
#3977 = DEFINITIONAL_REPRESENTATION('',(#3978),#3982);
#3978 = LINE('',#3979,#3980);
#3979 = CARTESIAN_POINT('',(0.,-0.));
#3980 = VECTOR('',#3981,1.);
#3981 = DIRECTION('',(0.,1.));
#3982 = ( GEOMETRIC_REPRESENTATION_CONTEXT(2) 
PARAMETRIC_REPRESENTATION_CONTEXT() REPRESENTATION_CONTEXT('2D SPACE',''
  ) );
#3983 = ORIENTED_EDGE('',*,*,#1032,.T.);
#3984 = ORIENTED_EDGE('',*,*,#3963,.T.);
#3985 = ADVANCED_FACE('',(#3986),#1088,.F.);
#3986 = FACE_BOUND('',#3987,.F.);
#3987 = EDGE_LOOP('',(#3988,#3989,#4010,#4011));
#3988 = ORIENTED_EDGE('',*,*,#2634,.F.);
#3989 = ORIENTED_EDGE('',*,*,#3990,.F.);
#3990 = EDGE_CURVE('',#1068,#2635,#3991,.T.);
#3991 = SEAM_CURVE('',#3992,(#3996,#4003),.PCURVE_S1.);
#3992 = LINE('',#3993,#3994);
#3993 = CARTESIAN_POINT('',(-3.489,4.86,-1.E-02));
#3994 = VECTOR('',#3995,1.);
#3995 = DIRECTION('',(0.,0.,1.));
#3996 = PCURVE('',#1088,#3997);
#3997 = DEFINITIONAL_REPRESENTATION('',(#3998),#4002);
#3998 = LINE('',#3999,#4000);
#3999 = CARTESIAN_POINT('',(6.28318530718,-0.));
#4000 = VECTOR('',#4001,1.);
#4001 = DIRECTION('',(0.,1.));
#4002 = ( GEOMETRIC_REPRESENTATION_CONTEXT(2) 
PARAMETRIC_REPRESENTATION_CONTEXT() REPRESENTATION_CONTEXT('2D SPACE',''
  ) );
#4003 = PCURVE('',#1088,#4004);
#4004 = DEFINITIONAL_REPRESENTATION('',(#4005),#4009);
#4005 = LINE('',#4006,#4007);
#4006 = CARTESIAN_POINT('',(0.,-0.));
#4007 = VECTOR('',#4008,1.);
#4008 = DIRECTION('',(0.,1.));
#4009 = ( GEOMETRIC_REPRESENTATION_CONTEXT(2) 
PARAMETRIC_REPRESENTATION_CONTEXT() REPRESENTATION_CONTEXT('2D SPACE',''
  ) );
#4010 = ORIENTED_EDGE('',*,*,#1067,.T.);
#4011 = ORIENTED_EDGE('',*,*,#3990,.T.);
#4012 = ADVANCED_FACE('',(#4013),#1123,.F.);
#4013 = FACE_BOUND('',#4014,.F.);
#4014 = EDGE_LOOP('',(#4015,#4016,#4037,#4038));
#4015 = ORIENTED_EDGE('',*,*,#2664,.F.);
#4016 = ORIENTED_EDGE('',*,*,#4017,.F.);
#4017 = EDGE_CURVE('',#1103,#2665,#4018,.T.);
#4018 = SEAM_CURVE('',#4019,(#4023,#4030),.PCURVE_S1.);
#4019 = LINE('',#4020,#4021);
#4020 = CARTESIAN_POINT('',(-6.029,4.86,-1.E-02));
#4021 = VECTOR('',#4022,1.);
#4022 = DIRECTION('',(0.,0.,1.));
#4023 = PCURVE('',#1123,#4024);
#4024 = DEFINITIONAL_REPRESENTATION('',(#4025),#4029);
#4025 = LINE('',#4026,#4027);
#4026 = CARTESIAN_POINT('',(6.28318530718,-0.));
#4027 = VECTOR('',#4028,1.);
#4028 = DIRECTION('',(0.,1.));
#4029 = ( GEOMETRIC_REPRESENTATION_CONTEXT(2) 
PARAMETRIC_REPRESENTATION_CONTEXT() REPRESENTATION_CONTEXT('2D SPACE',''
  ) );
#4030 = PCURVE('',#1123,#4031);
#4031 = DEFINITIONAL_REPRESENTATION('',(#4032),#4036);
#4032 = LINE('',#4033,#4034);
#4033 = CARTESIAN_POINT('',(0.,-0.));
#4034 = VECTOR('',#4035,1.);
#4035 = DIRECTION('',(0.,1.));
#4036 = ( GEOMETRIC_REPRESENTATION_CONTEXT(2) 
PARAMETRIC_REPRESENTATION_CONTEXT() REPRESENTATION_CONTEXT('2D SPACE',''
  ) );
#4037 = ORIENTED_EDGE('',*,*,#1102,.T.);
#4038 = ORIENTED_EDGE('',*,*,#4017,.T.);
#4039 = ADVANCED_FACE('',(#4040),#1158,.F.);
#4040 = FACE_BOUND('',#4041,.F.);
#4041 = EDGE_LOOP('',(#4042,#4043,#4064,#4065));
#4042 = ORIENTED_EDGE('',*,*,#2694,.F.);
#4043 = ORIENTED_EDGE('',*,*,#4044,.F.);
#4044 = EDGE_CURVE('',#1138,#2695,#4045,.T.);
#4045 = SEAM_CURVE('',#4046,(#4050,#4057),.PCURVE_S1.);
#4046 = LINE('',#4047,#4048);
#4047 = CARTESIAN_POINT('',(-8.569,4.86,-1.E-02));
#4048 = VECTOR('',#4049,1.);
#4049 = DIRECTION('',(0.,0.,1.));
#4050 = PCURVE('',#1158,#4051);
#4051 = DEFINITIONAL_REPRESENTATION('',(#4052),#4056);
#4052 = LINE('',#4053,#4054);
#4053 = CARTESIAN_POINT('',(6.28318530718,-0.));
#4054 = VECTOR('',#4055,1.);
#4055 = DIRECTION('',(0.,1.));
#4056 = ( GEOMETRIC_REPRESENTATION_CONTEXT(2) 
PARAMETRIC_REPRESENTATION_CONTEXT() REPRESENTATION_CONTEXT('2D SPACE',''
  ) );
#4057 = PCURVE('',#1158,#4058);
#4058 = DEFINITIONAL_REPRESENTATION('',(#4059),#4063);
#4059 = LINE('',#4060,#4061);
#4060 = CARTESIAN_POINT('',(0.,-0.));
#4061 = VECTOR('',#4062,1.);
#4062 = DIRECTION('',(0.,1.));
#4063 = ( GEOMETRIC_REPRESENTATION_CONTEXT(2) 
PARAMETRIC_REPRESENTATION_CONTEXT() REPRESENTATION_CONTEXT('2D SPACE',''
  ) );
#4064 = ORIENTED_EDGE('',*,*,#1137,.T.);
#4065 = ORIENTED_EDGE('',*,*,#4044,.T.);
#4066 = ADVANCED_FACE('',(#4067),#1193,.F.);
#4067 = FACE_BOUND('',#4068,.F.);
#4068 = EDGE_LOOP('',(#4069,#4070,#4091,#4092));
#4069 = ORIENTED_EDGE('',*,*,#2724,.F.);
#4070 = ORIENTED_EDGE('',*,*,#4071,.F.);
#4071 = EDGE_CURVE('',#1173,#2725,#4072,.T.);
#4072 = SEAM_CURVE('',#4073,(#4077,#4084),.PCURVE_S1.);
#4073 = LINE('',#4074,#4075);
#4074 = CARTESIAN_POINT('',(-11.109,4.86,-1.E-02));
#4075 = VECTOR('',#4076,1.);
#4076 = DIRECTION('',(0.,0.,1.));
#4077 = PCURVE('',#1193,#4078);
#4078 = DEFINITIONAL_REPRESENTATION('',(#4079),#4083);
#4079 = LINE('',#4080,#4081);
#4080 = CARTESIAN_POINT('',(6.28318530718,-0.));
#4081 = VECTOR('',#4082,1.);
#4082 = DIRECTION('',(0.,1.));
#4083 = ( GEOMETRIC_REPRESENTATION_CONTEXT(2) 
PARAMETRIC_REPRESENTATION_CONTEXT() REPRESENTATION_CONTEXT('2D SPACE',''
  ) );
#4084 = PCURVE('',#1193,#4085);
#4085 = DEFINITIONAL_REPRESENTATION('',(#4086),#4090);
#4086 = LINE('',#4087,#4088);
#4087 = CARTESIAN_POINT('',(0.,-0.));
#4088 = VECTOR('',#4089,1.);
#4089 = DIRECTION('',(0.,1.));
#4090 = ( GEOMETRIC_REPRESENTATION_CONTEXT(2) 
PARAMETRIC_REPRESENTATION_CONTEXT() REPRESENTATION_CONTEXT('2D SPACE',''
  ) );
#4091 = ORIENTED_EDGE('',*,*,#1172,.T.);
#4092 = ORIENTED_EDGE('',*,*,#4071,.T.);
#4093 = ADVANCED_FACE('',(#4094),#1228,.F.);
#4094 = FACE_BOUND('',#4095,.F.);
#4095 = EDGE_LOOP('',(#4096,#4097,#4118,#4119));
#4096 = ORIENTED_EDGE('',*,*,#2754,.F.);
#4097 = ORIENTED_EDGE('',*,*,#4098,.F.);
#4098 = EDGE_CURVE('',#1208,#2755,#4099,.T.);
#4099 = SEAM_CURVE('',#4100,(#4104,#4111),.PCURVE_S1.);
#4100 = LINE('',#4101,#4102);
#4101 = CARTESIAN_POINT('',(-13.649,4.86,-1.E-02));
#4102 = VECTOR('',#4103,1.);
#4103 = DIRECTION('',(0.,0.,1.));
#4104 = PCURVE('',#1228,#4105);
#4105 = DEFINITIONAL_REPRESENTATION('',(#4106),#4110);
#4106 = LINE('',#4107,#4108);
#4107 = CARTESIAN_POINT('',(6.28318530718,-0.));
#4108 = VECTOR('',#4109,1.);
#4109 = DIRECTION('',(0.,1.));
#4110 = ( GEOMETRIC_REPRESENTATION_CONTEXT(2) 
PARAMETRIC_REPRESENTATION_CONTEXT() REPRESENTATION_CONTEXT('2D SPACE',''
  ) );
#4111 = PCURVE('',#1228,#4112);
#4112 = DEFINITIONAL_REPRESENTATION('',(#4113),#4117);
#4113 = LINE('',#4114,#4115);
#4114 = CARTESIAN_POINT('',(0.,-0.));
#4115 = VECTOR('',#4116,1.);
#4116 = DIRECTION('',(0.,1.));
#4117 = ( GEOMETRIC_REPRESENTATION_CONTEXT(2) 
PARAMETRIC_REPRESENTATION_CONTEXT() REPRESENTATION_CONTEXT('2D SPACE',''
  ) );
#4118 = ORIENTED_EDGE('',*,*,#1207,.T.);
#4119 = ORIENTED_EDGE('',*,*,#4098,.T.);
#4120 = ADVANCED_FACE('',(#4121),#1263,.F.);
#4121 = FACE_BOUND('',#4122,.F.);
#4122 = EDGE_LOOP('',(#4123,#4124,#4145,#4146));
#4123 = ORIENTED_EDGE('',*,*,#2784,.F.);
#4124 = ORIENTED_EDGE('',*,*,#4125,.F.);
#4125 = EDGE_CURVE('',#1243,#2785,#4126,.T.);
#4126 = SEAM_CURVE('',#4127,(#4131,#4138),.PCURVE_S1.);
#4127 = LINE('',#4128,#4129);
#4128 = CARTESIAN_POINT('',(-16.189,4.86,-1.E-02));
#4129 = VECTOR('',#4130,1.);
#4130 = DIRECTION('',(0.,0.,1.));
#4131 = PCURVE('',#1263,#4132);
#4132 = DEFINITIONAL_REPRESENTATION('',(#4133),#4137);
#4133 = LINE('',#4134,#4135);
#4134 = CARTESIAN_POINT('',(6.28318530718,-0.));
#4135 = VECTOR('',#4136,1.);
#4136 = DIRECTION('',(0.,1.));
#4137 = ( GEOMETRIC_REPRESENTATION_CONTEXT(2) 
PARAMETRIC_REPRESENTATION_CONTEXT() REPRESENTATION_CONTEXT('2D SPACE',''
  ) );
#4138 = PCURVE('',#1263,#4139);
#4139 = DEFINITIONAL_REPRESENTATION('',(#4140),#4144);
#4140 = LINE('',#4141,#4142);
#4141 = CARTESIAN_POINT('',(0.,-0.));
#4142 = VECTOR('',#4143,1.);
#4143 = DIRECTION('',(0.,1.));
#4144 = ( GEOMETRIC_REPRESENTATION_CONTEXT(2) 
PARAMETRIC_REPRESENTATION_CONTEXT() REPRESENTATION_CONTEXT('2D SPACE',''
  ) );
#4145 = ORIENTED_EDGE('',*,*,#1242,.T.);
#4146 = ORIENTED_EDGE('',*,*,#4125,.T.);
#4147 = ADVANCED_FACE('',(#4148),#1298,.F.);
#4148 = FACE_BOUND('',#4149,.F.);
#4149 = EDGE_LOOP('',(#4150,#4151,#4172,#4173));
#4150 = ORIENTED_EDGE('',*,*,#2814,.F.);
#4151 = ORIENTED_EDGE('',*,*,#4152,.F.);
#4152 = EDGE_CURVE('',#1278,#2815,#4153,.T.);
#4153 = SEAM_CURVE('',#4154,(#4158,#4165),.PCURVE_S1.);
#4154 = LINE('',#4155,#4156);
#4155 = CARTESIAN_POINT('',(-18.729,4.86,-1.E-02));
#4156 = VECTOR('',#4157,1.);
#4157 = DIRECTION('',(0.,0.,1.));
#4158 = PCURVE('',#1298,#4159);
#4159 = DEFINITIONAL_REPRESENTATION('',(#4160),#4164);
#4160 = LINE('',#4161,#4162);
#4161 = CARTESIAN_POINT('',(6.28318530718,-0.));
#4162 = VECTOR('',#4163,1.);
#4163 = DIRECTION('',(0.,1.));
#4164 = ( GEOMETRIC_REPRESENTATION_CONTEXT(2) 
PARAMETRIC_REPRESENTATION_CONTEXT() REPRESENTATION_CONTEXT('2D SPACE',''
  ) );
#4165 = PCURVE('',#1298,#4166);
#4166 = DEFINITIONAL_REPRESENTATION('',(#4167),#4171);
#4167 = LINE('',#4168,#4169);
#4168 = CARTESIAN_POINT('',(0.,-0.));
#4169 = VECTOR('',#4170,1.);
#4170 = DIRECTION('',(0.,1.));
#4171 = ( GEOMETRIC_REPRESENTATION_CONTEXT(2) 
PARAMETRIC_REPRESENTATION_CONTEXT() REPRESENTATION_CONTEXT('2D SPACE',''
  ) );
#4172 = ORIENTED_EDGE('',*,*,#1277,.T.);
#4173 = ORIENTED_EDGE('',*,*,#4152,.T.);
#4174 = ADVANCED_FACE('',(#4175),#1333,.F.);
#4175 = FACE_BOUND('',#4176,.F.);
#4176 = EDGE_LOOP('',(#4177,#4178,#4199,#4200));
#4177 = ORIENTED_EDGE('',*,*,#2844,.F.);
#4178 = ORIENTED_EDGE('',*,*,#4179,.F.);
#4179 = EDGE_CURVE('',#1313,#2845,#4180,.T.);
#4180 = SEAM_CURVE('',#4181,(#4185,#4192),.PCURVE_S1.);
#4181 = LINE('',#4182,#4183);
#4182 = CARTESIAN_POINT('',(-21.269,4.86,-1.E-02));
#4183 = VECTOR('',#4184,1.);
#4184 = DIRECTION('',(0.,0.,1.));
#4185 = PCURVE('',#1333,#4186);
#4186 = DEFINITIONAL_REPRESENTATION('',(#4187),#4191);
#4187 = LINE('',#4188,#4189);
#4188 = CARTESIAN_POINT('',(6.28318530718,-0.));
#4189 = VECTOR('',#4190,1.);
#4190 = DIRECTION('',(0.,1.));
#4191 = ( GEOMETRIC_REPRESENTATION_CONTEXT(2) 
PARAMETRIC_REPRESENTATION_CONTEXT() REPRESENTATION_CONTEXT('2D SPACE',''
  ) );
#4192 = PCURVE('',#1333,#4193);
#4193 = DEFINITIONAL_REPRESENTATION('',(#4194),#4198);
#4194 = LINE('',#4195,#4196);
#4195 = CARTESIAN_POINT('',(0.,-0.));
#4196 = VECTOR('',#4197,1.);
#4197 = DIRECTION('',(0.,1.));
#4198 = ( GEOMETRIC_REPRESENTATION_CONTEXT(2) 
PARAMETRIC_REPRESENTATION_CONTEXT() REPRESENTATION_CONTEXT('2D SPACE',''
  ) );
#4199 = ORIENTED_EDGE('',*,*,#1312,.T.);
#4200 = ORIENTED_EDGE('',*,*,#4179,.T.);
#4201 = ADVANCED_FACE('',(#4202),#1368,.F.);
#4202 = FACE_BOUND('',#4203,.F.);
#4203 = EDGE_LOOP('',(#4204,#4205,#4226,#4227));
#4204 = ORIENTED_EDGE('',*,*,#2874,.F.);
#4205 = ORIENTED_EDGE('',*,*,#4206,.F.);
#4206 = EDGE_CURVE('',#1348,#2875,#4207,.T.);
#4207 = SEAM_CURVE('',#4208,(#4212,#4219),.PCURVE_S1.);
#4208 = LINE('',#4209,#4210);
#4209 = CARTESIAN_POINT('',(-24.066897,5.853103,0.));
#4210 = VECTOR('',#4211,1.);
#4211 = DIRECTION('',(0.,0.,1.));
#4212 = PCURVE('',#1368,#4213);
#4213 = DEFINITIONAL_REPRESENTATION('',(#4214),#4218);
#4214 = LINE('',#4215,#4216);
#4215 = CARTESIAN_POINT('',(6.28318530718,-0.));
#4216 = VECTOR('',#4217,1.);
#4217 = DIRECTION('',(0.,1.));
#4218 = ( GEOMETRIC_REPRESENTATION_CONTEXT(2) 
PARAMETRIC_REPRESENTATION_CONTEXT() REPRESENTATION_CONTEXT('2D SPACE',''
  ) );
#4219 = PCURVE('',#1368,#4220);
#4220 = DEFINITIONAL_REPRESENTATION('',(#4221),#4225);
#4221 = LINE('',#4222,#4223);
#4222 = CARTESIAN_POINT('',(0.,-0.));
#4223 = VECTOR('',#4224,1.);
#4224 = DIRECTION('',(0.,1.));
#4225 = ( GEOMETRIC_REPRESENTATION_CONTEXT(2) 
PARAMETRIC_REPRESENTATION_CONTEXT() REPRESENTATION_CONTEXT('2D SPACE',''
  ) );
#4226 = ORIENTED_EDGE('',*,*,#1347,.T.);
#4227 = ORIENTED_EDGE('',*,*,#4206,.T.);
#4228 = ADVANCED_FACE('',(#4229),#1403,.F.);
#4229 = FACE_BOUND('',#4230,.F.);
#4230 = EDGE_LOOP('',(#4231,#4232,#4253,#4254));
#4231 = ORIENTED_EDGE('',*,*,#2904,.F.);
#4232 = ORIENTED_EDGE('',*,*,#4233,.F.);
#4233 = EDGE_CURVE('',#1383,#2905,#4234,.T.);
#4234 = SEAM_CURVE('',#4235,(#4239,#4246),.PCURVE_S1.);
#4235 = LINE('',#4236,#4237);
#4236 = CARTESIAN_POINT('',(23.41,29.29,0.));
#4237 = VECTOR('',#4238,1.);
#4238 = DIRECTION('',(0.,0.,1.));
#4239 = PCURVE('',#1403,#4240);
#4240 = DEFINITIONAL_REPRESENTATION('',(#4241),#4245);
#4241 = LINE('',#4242,#4243);
#4242 = CARTESIAN_POINT('',(6.28318530718,-0.));
#4243 = VECTOR('',#4244,1.);
#4244 = DIRECTION('',(0.,1.));
#4245 = ( GEOMETRIC_REPRESENTATION_CONTEXT(2) 
PARAMETRIC_REPRESENTATION_CONTEXT() REPRESENTATION_CONTEXT('2D SPACE',''
  ) );
#4246 = PCURVE('',#1403,#4247);
#4247 = DEFINITIONAL_REPRESENTATION('',(#4248),#4252);
#4248 = LINE('',#4249,#4250);
#4249 = CARTESIAN_POINT('',(0.,-0.));
#4250 = VECTOR('',#4251,1.);
#4251 = DIRECTION('',(0.,1.));
#4252 = ( GEOMETRIC_REPRESENTATION_CONTEXT(2) 
PARAMETRIC_REPRESENTATION_CONTEXT() REPRESENTATION_CONTEXT('2D SPACE',''
  ) );
#4253 = ORIENTED_EDGE('',*,*,#1382,.T.);
#4254 = ORIENTED_EDGE('',*,*,#4233,.T.);
#4255 = ADVANCED_FACE('',(#4256),#1438,.F.);
#4256 = FACE_BOUND('',#4257,.F.);
#4257 = EDGE_LOOP('',(#4258,#4259,#4280,#4281));
#4258 = ORIENTED_EDGE('',*,*,#2934,.F.);
#4259 = ORIENTED_EDGE('',*,*,#4260,.F.);
#4260 = EDGE_CURVE('',#1418,#2935,#4261,.T.);
#4261 = SEAM_CURVE('',#4262,(#4266,#4273),.PCURVE_S1.);
#4262 = LINE('',#4263,#4264);
#4263 = CARTESIAN_POINT('',(14.291,30.26,-1.E-02));
#4264 = VECTOR('',#4265,1.);
#4265 = DIRECTION('',(0.,0.,1.));
#4266 = PCURVE('',#1438,#4267);
#4267 = DEFINITIONAL_REPRESENTATION('',(#4268),#4272);
#4268 = LINE('',#4269,#4270);
#4269 = CARTESIAN_POINT('',(6.28318530718,-0.));
#4270 = VECTOR('',#4271,1.);
#4271 = DIRECTION('',(0.,1.));
#4272 = ( GEOMETRIC_REPRESENTATION_CONTEXT(2) 
PARAMETRIC_REPRESENTATION_CONTEXT() REPRESENTATION_CONTEXT('2D SPACE',''
  ) );
#4273 = PCURVE('',#1438,#4274);
#4274 = DEFINITIONAL_REPRESENTATION('',(#4275),#4279);
#4275 = LINE('',#4276,#4277);
#4276 = CARTESIAN_POINT('',(0.,-0.));
#4277 = VECTOR('',#4278,1.);
#4278 = DIRECTION('',(0.,1.));
#4279 = ( GEOMETRIC_REPRESENTATION_CONTEXT(2) 
PARAMETRIC_REPRESENTATION_CONTEXT() REPRESENTATION_CONTEXT('2D SPACE',''
  ) );
#4280 = ORIENTED_EDGE('',*,*,#1417,.T.);
#4281 = ORIENTED_EDGE('',*,*,#4260,.T.);
#4282 = ADVANCED_FACE('',(#4283),#1473,.F.);
#4283 = FACE_BOUND('',#4284,.F.);
#4284 = EDGE_LOOP('',(#4285,#4286,#4307,#4308));
#4285 = ORIENTED_EDGE('',*,*,#2964,.F.);
#4286 = ORIENTED_EDGE('',*,*,#4287,.F.);
#4287 = EDGE_CURVE('',#1453,#2965,#4288,.T.);
#4288 = SEAM_CURVE('',#4289,(#4293,#4300),.PCURVE_S1.);
#4289 = LINE('',#4290,#4291);
#4290 = CARTESIAN_POINT('',(11.751,30.26,-1.E-02));
#4291 = VECTOR('',#4292,1.);
#4292 = DIRECTION('',(0.,0.,1.));
#4293 = PCURVE('',#1473,#4294);
#4294 = DEFINITIONAL_REPRESENTATION('',(#4295),#4299);
#4295 = LINE('',#4296,#4297);
#4296 = CARTESIAN_POINT('',(6.28318530718,-0.));
#4297 = VECTOR('',#4298,1.);
#4298 = DIRECTION('',(0.,1.));
#4299 = ( GEOMETRIC_REPRESENTATION_CONTEXT(2) 
PARAMETRIC_REPRESENTATION_CONTEXT() REPRESENTATION_CONTEXT('2D SPACE',''
  ) );
#4300 = PCURVE('',#1473,#4301);
#4301 = DEFINITIONAL_REPRESENTATION('',(#4302),#4306);
#4302 = LINE('',#4303,#4304);
#4303 = CARTESIAN_POINT('',(0.,-0.));
#4304 = VECTOR('',#4305,1.);
#4305 = DIRECTION('',(0.,1.));
#4306 = ( GEOMETRIC_REPRESENTATION_CONTEXT(2) 
PARAMETRIC_REPRESENTATION_CONTEXT() REPRESENTATION_CONTEXT('2D SPACE',''
  ) );
#4307 = ORIENTED_EDGE('',*,*,#1452,.T.);
#4308 = ORIENTED_EDGE('',*,*,#4287,.T.);
#4309 = ADVANCED_FACE('',(#4310),#1508,.F.);
#4310 = FACE_BOUND('',#4311,.F.);
#4311 = EDGE_LOOP('',(#4312,#4313,#4334,#4335));
#4312 = ORIENTED_EDGE('',*,*,#2994,.F.);
#4313 = ORIENTED_EDGE('',*,*,#4314,.F.);
#4314 = EDGE_CURVE('',#1488,#2995,#4315,.T.);
#4315 = SEAM_CURVE('',#4316,(#4320,#4327),.PCURVE_S1.);
#4316 = LINE('',#4317,#4318);
#4317 = CARTESIAN_POINT('',(9.211,30.26,-1.E-02));
#4318 = VECTOR('',#4319,1.);
#4319 = DIRECTION('',(0.,0.,1.));
#4320 = PCURVE('',#1508,#4321);
#4321 = DEFINITIONAL_REPRESENTATION('',(#4322),#4326);
#4322 = LINE('',#4323,#4324);
#4323 = CARTESIAN_POINT('',(6.28318530718,-0.));
#4324 = VECTOR('',#4325,1.);
#4325 = DIRECTION('',(0.,1.));
#4326 = ( GEOMETRIC_REPRESENTATION_CONTEXT(2) 
PARAMETRIC_REPRESENTATION_CONTEXT() REPRESENTATION_CONTEXT('2D SPACE',''
  ) );
#4327 = PCURVE('',#1508,#4328);
#4328 = DEFINITIONAL_REPRESENTATION('',(#4329),#4333);
#4329 = LINE('',#4330,#4331);
#4330 = CARTESIAN_POINT('',(0.,-0.));
#4331 = VECTOR('',#4332,1.);
#4332 = DIRECTION('',(0.,1.));
#4333 = ( GEOMETRIC_REPRESENTATION_CONTEXT(2) 
PARAMETRIC_REPRESENTATION_CONTEXT() REPRESENTATION_CONTEXT('2D SPACE',''
  ) );
#4334 = ORIENTED_EDGE('',*,*,#1487,.T.);
#4335 = ORIENTED_EDGE('',*,*,#4314,.T.);
#4336 = ADVANCED_FACE('',(#4337),#1543,.F.);
#4337 = FACE_BOUND('',#4338,.F.);
#4338 = EDGE_LOOP('',(#4339,#4340,#4361,#4362));
#4339 = ORIENTED_EDGE('',*,*,#3024,.F.);
#4340 = ORIENTED_EDGE('',*,*,#4341,.F.);
#4341 = EDGE_CURVE('',#1523,#3025,#4342,.T.);
#4342 = SEAM_CURVE('',#4343,(#4347,#4354),.PCURVE_S1.);
#4343 = LINE('',#4344,#4345);
#4344 = CARTESIAN_POINT('',(6.671,30.26,-1.E-02));
#4345 = VECTOR('',#4346,1.);
#4346 = DIRECTION('',(0.,0.,1.));
#4347 = PCURVE('',#1543,#4348);
#4348 = DEFINITIONAL_REPRESENTATION('',(#4349),#4353);
#4349 = LINE('',#4350,#4351);
#4350 = CARTESIAN_POINT('',(6.28318530718,-0.));
#4351 = VECTOR('',#4352,1.);
#4352 = DIRECTION('',(0.,1.));
#4353 = ( GEOMETRIC_REPRESENTATION_CONTEXT(2) 
PARAMETRIC_REPRESENTATION_CONTEXT() REPRESENTATION_CONTEXT('2D SPACE',''
  ) );
#4354 = PCURVE('',#1543,#4355);
#4355 = DEFINITIONAL_REPRESENTATION('',(#4356),#4360);
#4356 = LINE('',#4357,#4358);
#4357 = CARTESIAN_POINT('',(0.,-0.));
#4358 = VECTOR('',#4359,1.);
#4359 = DIRECTION('',(0.,1.));
#4360 = ( GEOMETRIC_REPRESENTATION_CONTEXT(2) 
PARAMETRIC_REPRESENTATION_CONTEXT() REPRESENTATION_CONTEXT('2D SPACE',''
  ) );
#4361 = ORIENTED_EDGE('',*,*,#1522,.T.);
#4362 = ORIENTED_EDGE('',*,*,#4341,.T.);
#4363 = ADVANCED_FACE('',(#4364),#1578,.F.);
#4364 = FACE_BOUND('',#4365,.F.);
#4365 = EDGE_LOOP('',(#4366,#4367,#4388,#4389));
#4366 = ORIENTED_EDGE('',*,*,#3054,.F.);
#4367 = ORIENTED_EDGE('',*,*,#4368,.F.);
#4368 = EDGE_CURVE('',#1558,#3055,#4369,.T.);
#4369 = SEAM_CURVE('',#4370,(#4374,#4381),.PCURVE_S1.);
#4370 = LINE('',#4371,#4372);
#4371 = CARTESIAN_POINT('',(4.131,30.26,-1.E-02));
#4372 = VECTOR('',#4373,1.);
#4373 = DIRECTION('',(0.,0.,1.));
#4374 = PCURVE('',#1578,#4375);
#4375 = DEFINITIONAL_REPRESENTATION('',(#4376),#4380);
#4376 = LINE('',#4377,#4378);
#4377 = CARTESIAN_POINT('',(6.28318530718,-0.));
#4378 = VECTOR('',#4379,1.);
#4379 = DIRECTION('',(0.,1.));
#4380 = ( GEOMETRIC_REPRESENTATION_CONTEXT(2) 
PARAMETRIC_REPRESENTATION_CONTEXT() REPRESENTATION_CONTEXT('2D SPACE',''
  ) );
#4381 = PCURVE('',#1578,#4382);
#4382 = DEFINITIONAL_REPRESENTATION('',(#4383),#4387);
#4383 = LINE('',#4384,#4385);
#4384 = CARTESIAN_POINT('',(0.,-0.));
#4385 = VECTOR('',#4386,1.);
#4386 = DIRECTION('',(0.,1.));
#4387 = ( GEOMETRIC_REPRESENTATION_CONTEXT(2) 
PARAMETRIC_REPRESENTATION_CONTEXT() REPRESENTATION_CONTEXT('2D SPACE',''
  ) );
#4388 = ORIENTED_EDGE('',*,*,#1557,.T.);
#4389 = ORIENTED_EDGE('',*,*,#4368,.T.);
#4390 = ADVANCED_FACE('',(#4391),#1613,.F.);
#4391 = FACE_BOUND('',#4392,.F.);
#4392 = EDGE_LOOP('',(#4393,#4394,#4415,#4416));
#4393 = ORIENTED_EDGE('',*,*,#3084,.F.);
#4394 = ORIENTED_EDGE('',*,*,#4395,.F.);
#4395 = EDGE_CURVE('',#1593,#3085,#4396,.T.);
#4396 = SEAM_CURVE('',#4397,(#4401,#4408),.PCURVE_S1.);
#4397 = LINE('',#4398,#4399);
#4398 = CARTESIAN_POINT('',(1.591,30.26,-1.E-02));
#4399 = VECTOR('',#4400,1.);
#4400 = DIRECTION('',(0.,0.,1.));
#4401 = PCURVE('',#1613,#4402);
#4402 = DEFINITIONAL_REPRESENTATION('',(#4403),#4407);
#4403 = LINE('',#4404,#4405);
#4404 = CARTESIAN_POINT('',(6.28318530718,-0.));
#4405 = VECTOR('',#4406,1.);
#4406 = DIRECTION('',(0.,1.));
#4407 = ( GEOMETRIC_REPRESENTATION_CONTEXT(2) 
PARAMETRIC_REPRESENTATION_CONTEXT() REPRESENTATION_CONTEXT('2D SPACE',''
  ) );
#4408 = PCURVE('',#1613,#4409);
#4409 = DEFINITIONAL_REPRESENTATION('',(#4410),#4414);
#4410 = LINE('',#4411,#4412);
#4411 = CARTESIAN_POINT('',(0.,-0.));
#4412 = VECTOR('',#4413,1.);
#4413 = DIRECTION('',(0.,1.));
#4414 = ( GEOMETRIC_REPRESENTATION_CONTEXT(2) 
PARAMETRIC_REPRESENTATION_CONTEXT() REPRESENTATION_CONTEXT('2D SPACE',''
  ) );
#4415 = ORIENTED_EDGE('',*,*,#1592,.T.);
#4416 = ORIENTED_EDGE('',*,*,#4395,.T.);
#4417 = ADVANCED_FACE('',(#4418),#1648,.F.);
#4418 = FACE_BOUND('',#4419,.F.);
#4419 = EDGE_LOOP('',(#4420,#4421,#4442,#4443));
#4420 = ORIENTED_EDGE('',*,*,#3114,.F.);
#4421 = ORIENTED_EDGE('',*,*,#4422,.F.);
#4422 = EDGE_CURVE('',#1628,#3115,#4423,.T.);
#4423 = SEAM_CURVE('',#4424,(#4428,#4435),.PCURVE_S1.);
#4424 = LINE('',#4425,#4426);
#4425 = CARTESIAN_POINT('',(-0.949,30.26,-1.E-02));
#4426 = VECTOR('',#4427,1.);
#4427 = DIRECTION('',(0.,0.,1.));
#4428 = PCURVE('',#1648,#4429);
#4429 = DEFINITIONAL_REPRESENTATION('',(#4430),#4434);
#4430 = LINE('',#4431,#4432);
#4431 = CARTESIAN_POINT('',(6.28318530718,-0.));
#4432 = VECTOR('',#4433,1.);
#4433 = DIRECTION('',(0.,1.));
#4434 = ( GEOMETRIC_REPRESENTATION_CONTEXT(2) 
PARAMETRIC_REPRESENTATION_CONTEXT() REPRESENTATION_CONTEXT('2D SPACE',''
  ) );
#4435 = PCURVE('',#1648,#4436);
#4436 = DEFINITIONAL_REPRESENTATION('',(#4437),#4441);
#4437 = LINE('',#4438,#4439);
#4438 = CARTESIAN_POINT('',(0.,-0.));
#4439 = VECTOR('',#4440,1.);
#4440 = DIRECTION('',(0.,1.));
#4441 = ( GEOMETRIC_REPRESENTATION_CONTEXT(2) 
PARAMETRIC_REPRESENTATION_CONTEXT() REPRESENTATION_CONTEXT('2D SPACE',''
  ) );
#4442 = ORIENTED_EDGE('',*,*,#1627,.T.);
#4443 = ORIENTED_EDGE('',*,*,#4422,.T.);
#4444 = ADVANCED_FACE('',(#4445),#1683,.F.);
#4445 = FACE_BOUND('',#4446,.F.);
#4446 = EDGE_LOOP('',(#4447,#4448,#4469,#4470));
#4447 = ORIENTED_EDGE('',*,*,#3144,.F.);
#4448 = ORIENTED_EDGE('',*,*,#4449,.F.);
#4449 = EDGE_CURVE('',#1663,#3145,#4450,.T.);
#4450 = SEAM_CURVE('',#4451,(#4455,#4462),.PCURVE_S1.);
#4451 = LINE('',#4452,#4453);
#4452 = CARTESIAN_POINT('',(-3.489,30.26,-1.E-02));
#4453 = VECTOR('',#4454,1.);
#4454 = DIRECTION('',(0.,0.,1.));
#4455 = PCURVE('',#1683,#4456);
#4456 = DEFINITIONAL_REPRESENTATION('',(#4457),#4461);
#4457 = LINE('',#4458,#4459);
#4458 = CARTESIAN_POINT('',(6.28318530718,-0.));
#4459 = VECTOR('',#4460,1.);
#4460 = DIRECTION('',(0.,1.));
#4461 = ( GEOMETRIC_REPRESENTATION_CONTEXT(2) 
PARAMETRIC_REPRESENTATION_CONTEXT() REPRESENTATION_CONTEXT('2D SPACE',''
  ) );
#4462 = PCURVE('',#1683,#4463);
#4463 = DEFINITIONAL_REPRESENTATION('',(#4464),#4468);
#4464 = LINE('',#4465,#4466);
#4465 = CARTESIAN_POINT('',(0.,-0.));
#4466 = VECTOR('',#4467,1.);
#4467 = DIRECTION('',(0.,1.));
#4468 = ( GEOMETRIC_REPRESENTATION_CONTEXT(2) 
PARAMETRIC_REPRESENTATION_CONTEXT() REPRESENTATION_CONTEXT('2D SPACE',''
  ) );
#4469 = ORIENTED_EDGE('',*,*,#1662,.T.);
#4470 = ORIENTED_EDGE('',*,*,#4449,.T.);
#4471 = ADVANCED_FACE('',(#4472),#1718,.F.);
#4472 = FACE_BOUND('',#4473,.F.);
#4473 = EDGE_LOOP('',(#4474,#4475,#4496,#4497));
#4474 = ORIENTED_EDGE('',*,*,#3174,.F.);
#4475 = ORIENTED_EDGE('',*,*,#4476,.F.);
#4476 = EDGE_CURVE('',#1698,#3175,#4477,.T.);
#4477 = SEAM_CURVE('',#4478,(#4482,#4489),.PCURVE_S1.);
#4478 = LINE('',#4479,#4480);
#4479 = CARTESIAN_POINT('',(-6.029,30.26,-1.E-02));
#4480 = VECTOR('',#4481,1.);
#4481 = DIRECTION('',(0.,0.,1.));
#4482 = PCURVE('',#1718,#4483);
#4483 = DEFINITIONAL_REPRESENTATION('',(#4484),#4488);
#4484 = LINE('',#4485,#4486);
#4485 = CARTESIAN_POINT('',(6.28318530718,-0.));
#4486 = VECTOR('',#4487,1.);
#4487 = DIRECTION('',(0.,1.));
#4488 = ( GEOMETRIC_REPRESENTATION_CONTEXT(2) 
PARAMETRIC_REPRESENTATION_CONTEXT() REPRESENTATION_CONTEXT('2D SPACE',''
  ) );
#4489 = PCURVE('',#1718,#4490);
#4490 = DEFINITIONAL_REPRESENTATION('',(#4491),#4495);
#4491 = LINE('',#4492,#4493);
#4492 = CARTESIAN_POINT('',(0.,-0.));
#4493 = VECTOR('',#4494,1.);
#4494 = DIRECTION('',(0.,1.));
#4495 = ( GEOMETRIC_REPRESENTATION_CONTEXT(2) 
PARAMETRIC_REPRESENTATION_CONTEXT() REPRESENTATION_CONTEXT('2D SPACE',''
  ) );
#4496 = ORIENTED_EDGE('',*,*,#1697,.T.);
#4497 = ORIENTED_EDGE('',*,*,#4476,.T.);
#4498 = ADVANCED_FACE('',(#4499),#1753,.F.);
#4499 = FACE_BOUND('',#4500,.F.);
#4500 = EDGE_LOOP('',(#4501,#4502,#4523,#4524));
#4501 = ORIENTED_EDGE('',*,*,#3204,.F.);
#4502 = ORIENTED_EDGE('',*,*,#4503,.F.);
#4503 = EDGE_CURVE('',#1733,#3205,#4504,.T.);
#4504 = SEAM_CURVE('',#4505,(#4509,#4516),.PCURVE_S1.);
#4505 = LINE('',#4506,#4507);
#4506 = CARTESIAN_POINT('',(-8.569,30.26,-1.E-02));
#4507 = VECTOR('',#4508,1.);
#4508 = DIRECTION('',(0.,0.,1.));
#4509 = PCURVE('',#1753,#4510);
#4510 = DEFINITIONAL_REPRESENTATION('',(#4511),#4515);
#4511 = LINE('',#4512,#4513);
#4512 = CARTESIAN_POINT('',(6.28318530718,-0.));
#4513 = VECTOR('',#4514,1.);
#4514 = DIRECTION('',(0.,1.));
#4515 = ( GEOMETRIC_REPRESENTATION_CONTEXT(2) 
PARAMETRIC_REPRESENTATION_CONTEXT() REPRESENTATION_CONTEXT('2D SPACE',''
  ) );
#4516 = PCURVE('',#1753,#4517);
#4517 = DEFINITIONAL_REPRESENTATION('',(#4518),#4522);
#4518 = LINE('',#4519,#4520);
#4519 = CARTESIAN_POINT('',(0.,-0.));
#4520 = VECTOR('',#4521,1.);
#4521 = DIRECTION('',(0.,1.));
#4522 = ( GEOMETRIC_REPRESENTATION_CONTEXT(2) 
PARAMETRIC_REPRESENTATION_CONTEXT() REPRESENTATION_CONTEXT('2D SPACE',''
  ) );
#4523 = ORIENTED_EDGE('',*,*,#1732,.T.);
#4524 = ORIENTED_EDGE('',*,*,#4503,.T.);
#4525 = ADVANCED_FACE('',(#4526),#1788,.F.);
#4526 = FACE_BOUND('',#4527,.F.);
#4527 = EDGE_LOOP('',(#4528,#4529,#4550,#4551));
#4528 = ORIENTED_EDGE('',*,*,#3234,.F.);
#4529 = ORIENTED_EDGE('',*,*,#4530,.F.);
#4530 = EDGE_CURVE('',#1768,#3235,#4531,.T.);
#4531 = SEAM_CURVE('',#4532,(#4536,#4543),.PCURVE_S1.);
#4532 = LINE('',#4533,#4534);
#4533 = CARTESIAN_POINT('',(-11.109,30.26,-1.E-02));
#4534 = VECTOR('',#4535,1.);
#4535 = DIRECTION('',(0.,0.,1.));
#4536 = PCURVE('',#1788,#4537);
#4537 = DEFINITIONAL_REPRESENTATION('',(#4538),#4542);
#4538 = LINE('',#4539,#4540);
#4539 = CARTESIAN_POINT('',(6.28318530718,-0.));
#4540 = VECTOR('',#4541,1.);
#4541 = DIRECTION('',(0.,1.));
#4542 = ( GEOMETRIC_REPRESENTATION_CONTEXT(2) 
PARAMETRIC_REPRESENTATION_CONTEXT() REPRESENTATION_CONTEXT('2D SPACE',''
  ) );
#4543 = PCURVE('',#1788,#4544);
#4544 = DEFINITIONAL_REPRESENTATION('',(#4545),#4549);
#4545 = LINE('',#4546,#4547);
#4546 = CARTESIAN_POINT('',(0.,-0.));
#4547 = VECTOR('',#4548,1.);
#4548 = DIRECTION('',(0.,1.));
#4549 = ( GEOMETRIC_REPRESENTATION_CONTEXT(2) 
PARAMETRIC_REPRESENTATION_CONTEXT() REPRESENTATION_CONTEXT('2D SPACE',''
  ) );
#4550 = ORIENTED_EDGE('',*,*,#1767,.T.);
#4551 = ORIENTED_EDGE('',*,*,#4530,.T.);
#4552 = ADVANCED_FACE('',(#4553),#1823,.F.);
#4553 = FACE_BOUND('',#4554,.F.);
#4554 = EDGE_LOOP('',(#4555,#4556,#4577,#4578));
#4555 = ORIENTED_EDGE('',*,*,#3264,.F.);
#4556 = ORIENTED_EDGE('',*,*,#4557,.F.);
#4557 = EDGE_CURVE('',#1803,#3265,#4558,.T.);
#4558 = SEAM_CURVE('',#4559,(#4563,#4570),.PCURVE_S1.);
#4559 = LINE('',#4560,#4561);
#4560 = CARTESIAN_POINT('',(-13.649,30.26,-1.E-02));
#4561 = VECTOR('',#4562,1.);
#4562 = DIRECTION('',(0.,0.,1.));
#4563 = PCURVE('',#1823,#4564);
#4564 = DEFINITIONAL_REPRESENTATION('',(#4565),#4569);
#4565 = LINE('',#4566,#4567);
#4566 = CARTESIAN_POINT('',(6.28318530718,-0.));
#4567 = VECTOR('',#4568,1.);
#4568 = DIRECTION('',(0.,1.));
#4569 = ( GEOMETRIC_REPRESENTATION_CONTEXT(2) 
PARAMETRIC_REPRESENTATION_CONTEXT() REPRESENTATION_CONTEXT('2D SPACE',''
  ) );
#4570 = PCURVE('',#1823,#4571);
#4571 = DEFINITIONAL_REPRESENTATION('',(#4572),#4576);
#4572 = LINE('',#4573,#4574);
#4573 = CARTESIAN_POINT('',(0.,-0.));
#4574 = VECTOR('',#4575,1.);
#4575 = DIRECTION('',(0.,1.));
#4576 = ( GEOMETRIC_REPRESENTATION_CONTEXT(2) 
PARAMETRIC_REPRESENTATION_CONTEXT() REPRESENTATION_CONTEXT('2D SPACE',''
  ) );
#4577 = ORIENTED_EDGE('',*,*,#1802,.T.);
#4578 = ORIENTED_EDGE('',*,*,#4557,.T.);
#4579 = ADVANCED_FACE('',(#4580),#1858,.F.);
#4580 = FACE_BOUND('',#4581,.F.);
#4581 = EDGE_LOOP('',(#4582,#4583,#4604,#4605));
#4582 = ORIENTED_EDGE('',*,*,#3294,.F.);
#4583 = ORIENTED_EDGE('',*,*,#4584,.F.);
#4584 = EDGE_CURVE('',#1838,#3295,#4585,.T.);
#4585 = SEAM_CURVE('',#4586,(#4590,#4597),.PCURVE_S1.);
#4586 = LINE('',#4587,#4588);
#4587 = CARTESIAN_POINT('',(-16.189,30.26,-1.E-02));
#4588 = VECTOR('',#4589,1.);
#4589 = DIRECTION('',(0.,0.,1.));
#4590 = PCURVE('',#1858,#4591);
#4591 = DEFINITIONAL_REPRESENTATION('',(#4592),#4596);
#4592 = LINE('',#4593,#4594);
#4593 = CARTESIAN_POINT('',(6.28318530718,-0.));
#4594 = VECTOR('',#4595,1.);
#4595 = DIRECTION('',(0.,1.));
#4596 = ( GEOMETRIC_REPRESENTATION_CONTEXT(2) 
PARAMETRIC_REPRESENTATION_CONTEXT() REPRESENTATION_CONTEXT('2D SPACE',''
  ) );
#4597 = PCURVE('',#1858,#4598);
#4598 = DEFINITIONAL_REPRESENTATION('',(#4599),#4603);
#4599 = LINE('',#4600,#4601);
#4600 = CARTESIAN_POINT('',(0.,-0.));
#4601 = VECTOR('',#4602,1.);
#4602 = DIRECTION('',(0.,1.));
#4603 = ( GEOMETRIC_REPRESENTATION_CONTEXT(2) 
PARAMETRIC_REPRESENTATION_CONTEXT() REPRESENTATION_CONTEXT('2D SPACE',''
  ) );
#4604 = ORIENTED_EDGE('',*,*,#1837,.T.);
#4605 = ORIENTED_EDGE('',*,*,#4584,.T.);
#4606 = ADVANCED_FACE('',(#4607),#1893,.F.);
#4607 = FACE_BOUND('',#4608,.F.);
#4608 = EDGE_LOOP('',(#4609,#4610,#4631,#4632));
#4609 = ORIENTED_EDGE('',*,*,#3324,.F.);
#4610 = ORIENTED_EDGE('',*,*,#4611,.F.);
#4611 = EDGE_CURVE('',#1873,#3325,#4612,.T.);
#4612 = SEAM_CURVE('',#4613,(#4617,#4624),.PCURVE_S1.);
#4613 = LINE('',#4614,#4615);
#4614 = CARTESIAN_POINT('',(-18.729,30.26,-1.E-02));
#4615 = VECTOR('',#4616,1.);
#4616 = DIRECTION('',(0.,0.,1.));
#4617 = PCURVE('',#1893,#4618);
#4618 = DEFINITIONAL_REPRESENTATION('',(#4619),#4623);
#4619 = LINE('',#4620,#4621);
#4620 = CARTESIAN_POINT('',(6.28318530718,-0.));
#4621 = VECTOR('',#4622,1.);
#4622 = DIRECTION('',(0.,1.));
#4623 = ( GEOMETRIC_REPRESENTATION_CONTEXT(2) 
PARAMETRIC_REPRESENTATION_CONTEXT() REPRESENTATION_CONTEXT('2D SPACE',''
  ) );
#4624 = PCURVE('',#1893,#4625);
#4625 = DEFINITIONAL_REPRESENTATION('',(#4626),#4630);
#4626 = LINE('',#4627,#4628);
#4627 = CARTESIAN_POINT('',(0.,-0.));
#4628 = VECTOR('',#4629,1.);
#4629 = DIRECTION('',(0.,1.));
#4630 = ( GEOMETRIC_REPRESENTATION_CONTEXT(2) 
PARAMETRIC_REPRESENTATION_CONTEXT() REPRESENTATION_CONTEXT('2D SPACE',''
  ) );
#4631 = ORIENTED_EDGE('',*,*,#1872,.T.);
#4632 = ORIENTED_EDGE('',*,*,#4611,.T.);
#4633 = ADVANCED_FACE('',(#4634),#1928,.F.);
#4634 = FACE_BOUND('',#4635,.F.);
#4635 = EDGE_LOOP('',(#4636,#4637,#4658,#4659));
#4636 = ORIENTED_EDGE('',*,*,#3354,.F.);
#4637 = ORIENTED_EDGE('',*,*,#4638,.F.);
#4638 = EDGE_CURVE('',#1908,#3355,#4639,.T.);
#4639 = SEAM_CURVE('',#4640,(#4644,#4651),.PCURVE_S1.);
#4640 = LINE('',#4641,#4642);
#4641 = CARTESIAN_POINT('',(-21.269,30.26,-1.E-02));
#4642 = VECTOR('',#4643,1.);
#4643 = DIRECTION('',(0.,0.,1.));
#4644 = PCURVE('',#1928,#4645);
#4645 = DEFINITIONAL_REPRESENTATION('',(#4646),#4650);
#4646 = LINE('',#4647,#4648);
#4647 = CARTESIAN_POINT('',(6.28318530718,-0.));
#4648 = VECTOR('',#4649,1.);
#4649 = DIRECTION('',(0.,1.));
#4650 = ( GEOMETRIC_REPRESENTATION_CONTEXT(2) 
PARAMETRIC_REPRESENTATION_CONTEXT() REPRESENTATION_CONTEXT('2D SPACE',''
  ) );
#4651 = PCURVE('',#1928,#4652);
#4652 = DEFINITIONAL_REPRESENTATION('',(#4653),#4657);
#4653 = LINE('',#4654,#4655);
#4654 = CARTESIAN_POINT('',(0.,-0.));
#4655 = VECTOR('',#4656,1.);
#4656 = DIRECTION('',(0.,1.));
#4657 = ( GEOMETRIC_REPRESENTATION_CONTEXT(2) 
PARAMETRIC_REPRESENTATION_CONTEXT() REPRESENTATION_CONTEXT('2D SPACE',''
  ) );
#4658 = ORIENTED_EDGE('',*,*,#1907,.T.);
#4659 = ORIENTED_EDGE('',*,*,#4638,.T.);
#4660 = ADVANCED_FACE('',(#4661),#1963,.F.);
#4661 = FACE_BOUND('',#4662,.F.);
#4662 = EDGE_LOOP('',(#4663,#4664,#4685,#4686));
#4663 = ORIENTED_EDGE('',*,*,#3384,.F.);
#4664 = ORIENTED_EDGE('',*,*,#4665,.F.);
#4665 = EDGE_CURVE('',#1943,#3385,#4666,.T.);
#4666 = SEAM_CURVE('',#4667,(#4671,#4678),.PCURVE_S1.);
#4667 = LINE('',#4668,#4669);
#4668 = CARTESIAN_POINT('',(-24.07,29.27,0.));
#4669 = VECTOR('',#4670,1.);
#4670 = DIRECTION('',(0.,0.,1.));
#4671 = PCURVE('',#1963,#4672);
#4672 = DEFINITIONAL_REPRESENTATION('',(#4673),#4677);
#4673 = LINE('',#4674,#4675);
#4674 = CARTESIAN_POINT('',(6.28318530718,-0.));
#4675 = VECTOR('',#4676,1.);
#4676 = DIRECTION('',(0.,1.));
#4677 = ( GEOMETRIC_REPRESENTATION_CONTEXT(2) 
PARAMETRIC_REPRESENTATION_CONTEXT() REPRESENTATION_CONTEXT('2D SPACE',''
  ) );
#4678 = PCURVE('',#1963,#4679);
#4679 = DEFINITIONAL_REPRESENTATION('',(#4680),#4684);
#4680 = LINE('',#4681,#4682);
#4681 = CARTESIAN_POINT('',(0.,-0.));
#4682 = VECTOR('',#4683,1.);
#4683 = DIRECTION('',(0.,1.));
#4684 = ( GEOMETRIC_REPRESENTATION_CONTEXT(2) 
PARAMETRIC_REPRESENTATION_CONTEXT() REPRESENTATION_CONTEXT('2D SPACE',''
  ) );
#4685 = ORIENTED_EDGE('',*,*,#1942,.T.);
#4686 = ORIENTED_EDGE('',*,*,#4665,.T.);
#4687 = ( GEOMETRIC_REPRESENTATION_CONTEXT(3) 
GLOBAL_UNCERTAINTY_ASSIGNED_CONTEXT((#4691)) 
GLOBAL_UNIT_ASSIGNED_CONTEXT((#4688,#4689,#4690)) REPRESENTATION_CONTEXT
('Context #1','3D Context with UNIT and UNCERTAINTY') );
#4688 = ( LENGTH_UNIT() NAMED_UNIT(*) SI_UNIT(.MILLI.,.METRE.) );
#4689 = ( NAMED_UNIT(*) PLANE_ANGLE_UNIT() SI_UNIT($,.RADIAN.) );
#4690 = ( NAMED_UNIT(*) SI_UNIT($,.STERADIAN.) SOLID_ANGLE_UNIT() );
#4691 = UNCERTAINTY_MEASURE_WITH_UNIT(LENGTH_MEASURE(1.E-07),#4688,
  'distance_accuracy_value','confusion accuracy');
#4692 = CONTEXT_DEPENDENT_SHAPE_REPRESENTATION(#4693,#4695);
#4693 = ( REPRESENTATION_RELATIONSHIP('','',#32,#10) 
REPRESENTATION_RELATIONSHIP_WITH_TRANSFORMATION(#4694) 
SHAPE_REPRESENTATION_RELATIONSHIP() );
#4694 = ITEM_DEFINED_TRANSFORMATION('','',#11,#15);
#4695 = PRODUCT_DEFINITION_SHAPE('Placement','Placement of an item',
  #4696);
#4696 = NEXT_ASSEMBLY_USAGE_OCCURRENCE('1','=>[0:1:1:2]','',#5,#27,$);
#4697 = PRODUCT_RELATED_PRODUCT_CATEGORY('part',$,(#29));
#4698 = SHAPE_DEFINITION_REPRESENTATION(#4695,#4699);
#4699 = SHAPE_REPRESENTATION('',(#15),#4687);
#4700 = MECHANICAL_DESIGN_GEOMETRIC_PRESENTATION_REPRESENTATION('',(
    #4701,#4709),#4687);
#4701 = STYLED_ITEM('color',(#4702),#33);
#4702 = PRESENTATION_STYLE_ASSIGNMENT((#4703));
#4703 = SURFACE_STYLE_USAGE(.BOTH.,#4704);
#4704 = SURFACE_SIDE_STYLE('',(#4705));
#4705 = SURFACE_STYLE_FILL_AREA(#4706);
#4706 = FILL_AREA_STYLE('',(#4707));
#4707 = FILL_AREA_STYLE_COLOUR('',#4708);
#4708 = COLOUR_RGB('',0.313304153717,0.484529207832,0.410020903123);
#4709 = OVER_RIDING_STYLED_ITEM('overriding color',(#4710),#33,#4701);
#4710 = PRESENTATION_STYLE_BY_CONTEXT((#4711),#4699);
#4711 = SURFACE_STYLE_USAGE(.BOTH.,#4712);
#4712 = SURFACE_SIDE_STYLE('',(#4713));
#4713 = SURFACE_STYLE_FILL_AREA(#4714);
#4714 = FILL_AREA_STYLE('',(#4715));
#4715 = FILL_AREA_STYLE_COLOUR('',#4716);
#4716 = COLOUR_RGB('',0.313304153717,0.484529207832,0.410020903123);
ENDSEC;
END-ISO-10303-21;
